-- MySQL dump 10.13  Distrib 8.0.23, for Linux (x86_64)
--
-- Host: 192.168.31.31    Database: vk
-- ------------------------------------------------------
-- Server version	8.0.23

/*!40101 SET @OLD_CHARACTER_SET_CLIENT=@@CHARACTER_SET_CLIENT */;
/*!40101 SET @OLD_CHARACTER_SET_RESULTS=@@CHARACTER_SET_RESULTS */;
/*!40101 SET @OLD_COLLATION_CONNECTION=@@COLLATION_CONNECTION */;
/*!50503 SET NAMES utf8mb4 */;
/*!40103 SET @OLD_TIME_ZONE=@@TIME_ZONE */;
/*!40103 SET TIME_ZONE='+00:00' */;
/*!40014 SET @OLD_UNIQUE_CHECKS=@@UNIQUE_CHECKS, UNIQUE_CHECKS=0 */;
/*!40014 SET @OLD_FOREIGN_KEY_CHECKS=@@FOREIGN_KEY_CHECKS, FOREIGN_KEY_CHECKS=0 */;
/*!40101 SET @OLD_SQL_MODE=@@SQL_MODE, SQL_MODE='NO_AUTO_VALUE_ON_ZERO' */;
/*!40111 SET @OLD_SQL_NOTES=@@SQL_NOTES, SQL_NOTES=0 */;

--
-- Table structure for table `communities`
--

DROP TABLE IF EXISTS `communities`;
/*!40101 SET @saved_cs_client     = @@character_set_client */;
/*!50503 SET character_set_client = utf8mb4 */;
CREATE TABLE `communities` (
  `id` int unsigned NOT NULL AUTO_INCREMENT COMMENT 'Идентификатор сроки',
  `owner_id` int unsigned NOT NULL,
  `name` varchar(150) CHARACTER SET utf8mb4 COLLATE utf8mb4_unicode_ci NOT NULL COMMENT 'Название группы',
  `created_at` datetime DEFAULT CURRENT_TIMESTAMP COMMENT 'Время создания строки',
  `updated_at` datetime DEFAULT CURRENT_TIMESTAMP ON UPDATE CURRENT_TIMESTAMP COMMENT 'Время обновления строки',
  PRIMARY KEY (`id`),
  UNIQUE KEY `name` (`name`)
) ENGINE=InnoDB AUTO_INCREMENT=101 DEFAULT CHARSET=utf8mb4 COLLATE=utf8mb4_unicode_ci COMMENT='Группы';
/*!40101 SET character_set_client = @saved_cs_client */;

--
-- Dumping data for table `communities`
--

LOCK TABLES `communities` WRITE;
/*!40000 ALTER TABLE `communities` DISABLE KEYS */;
INSERT INTO `communities` VALUES (1,55,'ut','1982-04-05 14:57:43','2021-02-18 19:13:08'),(2,36,'at','1998-07-17 16:17:57','2021-02-18 19:13:08'),(3,16,'exercitationem','1996-03-24 12:02:46','2021-02-18 19:13:08'),(4,71,'eligendi','1988-01-02 05:05:55','2021-02-18 19:13:08'),(5,7,'numquam','1978-06-08 03:29:19','2021-02-18 19:13:08'),(6,20,'qui','2012-11-20 20:43:19','2021-02-18 19:13:08'),(7,78,'sequi','1979-07-13 08:15:50','2021-02-18 19:13:08'),(8,30,'eos','2014-06-14 08:27:14','2021-02-18 19:13:08'),(9,17,'voluptas','1973-08-28 19:22:41','2021-02-18 19:13:08'),(10,95,'molestias','1993-06-06 14:06:03','2021-02-18 19:13:08'),(11,22,'aut','2003-05-06 05:01:11','2021-02-18 19:13:08'),(12,24,'sed','1992-02-28 09:07:06','2021-02-18 19:13:08'),(13,55,'soluta','1977-11-30 15:21:14','2021-02-18 19:13:08'),(14,3,'dicta','1992-02-13 12:07:28','2021-02-18 19:13:08'),(15,48,'tempora','1973-05-08 05:16:30','2021-02-18 19:13:08'),(16,30,'reprehenderit','1989-01-05 19:01:29','2021-02-18 19:13:08'),(17,7,'consectetur','2001-04-03 21:23:16','2021-02-18 19:13:08'),(18,42,'iste','1975-04-19 00:29:41','2021-02-18 19:13:08'),(19,90,'nobis','2009-02-12 01:18:25','2021-02-18 19:13:08'),(20,22,'nulla','1974-08-01 13:27:34','2021-02-18 19:13:08');
/*!40000 ALTER TABLE `communities` ENABLE KEYS */;
UNLOCK TABLES;

--
-- Table structure for table `communities_users`
--

DROP TABLE IF EXISTS `communities_users`;
/*!40101 SET @saved_cs_client     = @@character_set_client */;
/*!50503 SET character_set_client = utf8mb4 */;
CREATE TABLE `communities_users` (
  `community_id` int unsigned NOT NULL COMMENT 'Ссылка на группу',
  `user_id` int unsigned NOT NULL COMMENT 'Ссылка на пользователя',
  `created_at` datetime DEFAULT CURRENT_TIMESTAMP COMMENT 'Время создания строки',
  PRIMARY KEY (`community_id`,`user_id`) COMMENT 'Составной первичный ключ'
) ENGINE=InnoDB DEFAULT CHARSET=utf8mb4 COLLATE=utf8mb4_unicode_ci COMMENT='Участники групп, связь между пользователями и группами';
/*!40101 SET character_set_client = @saved_cs_client */;

--
-- Dumping data for table `communities_users`
--

LOCK TABLES `communities_users` WRITE;
/*!40000 ALTER TABLE `communities_users` DISABLE KEYS */;
INSERT INTO `communities_users` VALUES (1,4,'1970-01-01 00:00:00'),(1,5,'1970-01-01 00:00:00'),(1,36,'1970-01-01 00:00:00'),(1,49,'1970-01-01 00:00:00'),(1,72,'1970-01-01 00:00:00'),(2,65,'1970-01-01 00:00:00'),(2,76,'1970-01-01 00:00:00'),(2,79,'1970-01-01 00:00:00'),(3,35,'1970-01-01 00:00:00'),(3,37,'1970-01-01 00:00:00'),(3,55,'1970-01-01 00:00:00'),(3,56,'1970-01-01 00:00:00'),(3,59,'1970-01-01 00:00:00'),(3,81,'1970-01-01 00:00:00'),(3,82,'1970-01-01 00:00:00'),(3,98,'1970-01-01 00:00:00'),(4,5,'1970-01-01 00:00:00'),(4,51,'1970-01-01 00:00:00'),(4,67,'1970-01-01 00:00:00'),(5,9,'1970-01-01 00:00:00'),(5,10,'1970-01-01 00:00:00'),(5,12,'1970-01-01 00:00:00'),(5,23,'1970-01-01 00:00:00'),(5,24,'1970-01-01 00:00:00'),(5,38,'1970-01-01 00:00:00'),(5,49,'1970-01-01 00:00:00'),(5,60,'1970-01-01 00:00:00'),(5,71,'1970-01-01 00:00:00'),(5,94,'1970-01-01 00:00:00'),(6,76,'1970-01-01 00:00:00'),(6,95,'1970-01-01 00:00:00'),(7,43,'1970-01-01 00:00:00'),(7,56,'1970-01-01 00:00:00'),(7,98,'1970-01-01 00:00:00'),(8,31,'1970-01-01 00:00:00'),(8,59,'1970-01-01 00:00:00'),(9,57,'1970-01-01 00:00:00'),(9,79,'1970-01-01 00:00:00'),(10,16,'1970-01-01 00:00:00'),(10,39,'1970-01-01 00:00:00'),(10,47,'1970-01-01 00:00:00'),(10,65,'1970-01-01 00:00:00'),(10,79,'1970-01-01 00:00:00'),(10,90,'1970-01-01 00:00:00'),(11,11,'1970-01-01 00:00:00'),(11,20,'1970-01-01 00:00:00'),(11,35,'1970-01-01 00:00:00'),(11,43,'1970-01-01 00:00:00'),(11,48,'1970-01-01 00:00:00'),(11,51,'1970-01-01 00:00:00'),(11,62,'1970-01-01 00:00:00'),(11,84,'1970-01-01 00:00:00'),(11,90,'1970-01-01 00:00:00'),(12,35,'1970-01-01 00:00:00'),(12,40,'1970-01-01 00:00:00'),(12,44,'1970-01-01 00:00:00'),(12,68,'1970-01-01 00:00:00'),(12,89,'1970-01-01 00:00:00'),(12,90,'1970-01-01 00:00:00'),(13,4,'1970-01-01 00:00:00'),(13,47,'1970-01-01 00:00:00'),(13,49,'1970-01-01 00:00:00'),(13,76,'1970-01-01 00:00:00'),(13,84,'1970-01-01 00:00:00'),(14,56,'1970-01-01 00:00:00'),(14,93,'1970-01-01 00:00:00'),(14,94,'1970-01-01 00:00:00'),(15,17,'1970-01-01 00:00:00'),(15,57,'1970-01-01 00:00:00'),(16,2,'1970-01-01 00:00:00'),(16,4,'1970-01-01 00:00:00'),(16,6,'1970-01-01 00:00:00'),(16,21,'1970-01-01 00:00:00'),(16,28,'1970-01-01 00:00:00'),(16,31,'1970-01-01 00:00:00'),(16,50,'1970-01-01 00:00:00'),(16,61,'1970-01-01 00:00:00'),(16,89,'1970-01-01 00:00:00'),(17,19,'1970-01-01 00:00:00'),(17,31,'1970-01-01 00:00:00'),(17,37,'1970-01-01 00:00:00'),(17,45,'1970-01-01 00:00:00'),(17,59,'1970-01-01 00:00:00'),(17,64,'1970-01-01 00:00:00'),(17,66,'1970-01-01 00:00:00'),(17,90,'1970-01-01 00:00:00'),(18,30,'1970-01-01 00:00:00'),(18,39,'1970-01-01 00:00:00'),(18,43,'1970-01-01 00:00:00'),(18,72,'1970-01-01 00:00:00'),(19,5,'1970-01-01 00:00:00'),(19,16,'1970-01-01 00:00:00'),(19,78,'1970-01-01 00:00:00'),(20,8,'1970-01-01 00:00:00'),(20,31,'1970-01-01 00:00:00'),(20,45,'1970-01-01 00:00:00'),(20,61,'1970-01-01 00:00:00'),(20,66,'1970-01-01 00:00:00'),(20,91,'1970-01-01 00:00:00'),(20,96,'1970-01-01 00:00:00');
/*!40000 ALTER TABLE `communities_users` ENABLE KEYS */;
UNLOCK TABLES;

--
-- Table structure for table `friendship`
--

DROP TABLE IF EXISTS `friendship`;
/*!40101 SET @saved_cs_client     = @@character_set_client */;
/*!50503 SET character_set_client = utf8mb4 */;
CREATE TABLE `friendship` (
  `user_id` int unsigned NOT NULL COMMENT 'Ссылка на инициатора дружеских отношений',
  `friend_id` int unsigned NOT NULL COMMENT 'Ссылка на получателя приглашения дружить',
  `friendship_status_id` int unsigned NOT NULL COMMENT 'Ссылка на статус (текущее состояние) отношений',
  `requested_at` datetime DEFAULT CURRENT_TIMESTAMP COMMENT 'Время отправления приглашения дружить',
  `confirmed_at` datetime DEFAULT NULL COMMENT 'Время подтверждения приглашения',
  `created_at` datetime DEFAULT CURRENT_TIMESTAMP COMMENT 'Время создания строки',
  `updated_at` datetime DEFAULT CURRENT_TIMESTAMP ON UPDATE CURRENT_TIMESTAMP COMMENT 'Время обновления строки',
  PRIMARY KEY (`user_id`,`friend_id`) COMMENT 'Составной первичный ключ'
) ENGINE=InnoDB DEFAULT CHARSET=utf8mb4 COLLATE=utf8mb4_unicode_ci COMMENT='Таблица дружбы';
/*!40101 SET character_set_client = @saved_cs_client */;

--
-- Dumping data for table `friendship`
--

LOCK TABLES `friendship` WRITE;
/*!40000 ALTER TABLE `friendship` DISABLE KEYS */;
INSERT INTO `friendship` VALUES (2,47,1,'2014-10-12 15:23:42','1985-09-21 21:17:15','1972-06-03 21:09:48','2021-02-18 19:12:19'),(2,59,3,'2004-11-13 11:10:57','1974-10-05 18:26:23','2009-08-29 09:28:27','2021-02-18 19:12:19'),(2,61,2,'2018-07-13 04:10:43','1994-09-05 15:51:53','1972-01-27 02:32:49','2021-02-18 19:12:19'),(4,21,2,'2003-04-14 22:11:35','2017-10-13 04:45:27','1982-08-17 09:16:56','2021-02-18 19:12:19'),(6,3,1,'1972-05-26 17:13:04','1972-01-31 02:01:47','2007-02-02 00:28:21','2021-02-18 19:12:19'),(6,42,2,'1978-03-12 07:32:11','1989-07-16 12:29:21','1975-05-29 05:37:34','2002-12-17 18:07:32'),(6,91,1,'2005-10-21 12:37:36','1984-09-02 21:49:07','2000-07-23 03:15:41','1988-08-05 13:24:57'),(8,26,1,'1997-01-06 21:14:26','2017-05-31 14:47:03','1988-10-09 23:13:50','2012-05-01 05:33:45'),(9,57,1,'2005-08-10 03:31:24','1988-06-28 19:02:35','1993-12-18 09:43:04','2021-02-18 19:12:19'),(10,16,1,'2013-05-22 08:57:58','2007-01-04 07:31:08','1990-03-13 06:57:45','2021-02-18 19:12:19'),(10,54,2,'1998-05-28 10:51:44','2019-02-15 07:55:29','1977-01-06 20:32:20','2021-02-18 19:12:19'),(11,61,3,'1985-01-07 08:42:28','2001-07-06 12:17:17','1987-05-22 13:31:24','2021-02-18 19:12:19'),(12,10,3,'1992-05-16 08:33:15','1970-05-12 02:13:07','1970-09-13 20:37:10','2021-02-18 19:12:19'),(14,31,3,'1994-10-17 10:39:34','1997-07-10 18:57:28','1993-01-14 16:22:16','2021-02-18 19:12:19'),(14,74,2,'1990-01-18 23:53:36','1971-06-12 13:29:21','2001-08-17 06:33:34','2021-02-18 19:12:19'),(16,38,1,'2016-04-20 23:45:01','1971-10-15 07:54:33','1970-09-07 06:50:45','2021-02-18 19:12:19'),(19,14,3,'1972-07-14 06:13:48','2000-09-24 19:10:15','1997-01-08 22:44:13','2021-02-18 19:12:19'),(20,25,3,'2020-11-24 17:09:01','2008-01-29 19:20:03','1998-03-01 15:52:26','2021-02-18 19:12:19'),(21,98,1,'1983-01-21 13:28:28','1973-07-28 09:15:08','2009-02-20 17:01:02','2021-02-18 19:12:19'),(22,37,2,'1998-01-28 09:32:32','2016-11-16 07:51:46','1973-01-17 18:54:22','2021-02-18 19:12:19'),(23,94,3,'1973-02-23 23:18:41','1985-08-20 19:53:15','1984-01-02 21:36:46','2021-02-18 19:12:19'),(24,14,2,'1976-02-15 09:59:00','1997-02-15 10:57:03','1992-11-15 15:33:19','1990-02-11 17:32:48'),(24,75,1,'2000-09-19 02:06:42','2012-11-13 22:33:09','1974-01-19 13:32:34','2021-02-18 19:12:19'),(25,46,2,'1994-03-08 14:35:27','2009-05-20 15:59:26','2005-08-11 03:15:45','2021-02-18 19:12:19'),(26,44,3,'1992-03-24 17:16:27','1979-01-25 07:24:50','1999-06-27 06:40:05','2021-02-18 19:12:19'),(26,92,1,'2018-04-12 10:21:51','2006-05-26 13:25:28','1978-09-26 23:28:37','2021-02-18 19:12:19'),(27,1,1,'2005-08-01 08:27:24','2019-10-27 05:15:29','1987-01-27 08:23:58','2021-02-18 19:12:19'),(29,96,1,'1977-07-07 10:37:44','2016-07-29 09:24:44','1979-09-15 04:22:08','2021-02-18 19:12:19'),(32,93,3,'2013-10-07 10:57:25','1971-11-04 09:53:40','1973-07-18 20:21:29','2021-02-18 19:12:19'),(33,8,2,'1979-08-05 23:24:39','1989-04-21 08:53:21','1986-02-22 12:52:02','2021-02-18 19:12:19'),(33,20,3,'1998-09-27 11:05:58','1973-02-03 18:47:38','1987-08-16 16:11:21','2021-02-18 19:12:19'),(33,26,1,'1996-04-11 23:02:32','1993-09-04 04:49:11','1982-06-01 11:44:28','2021-02-18 19:12:19'),(33,52,1,'2014-11-30 21:01:13','1986-10-31 05:00:59','1987-09-08 04:46:36','2021-02-18 19:12:19'),(35,50,1,'1999-01-04 04:44:01','1974-07-20 08:58:59','1980-08-21 10:39:07','2012-11-12 03:53:11'),(37,13,3,'2006-09-21 20:42:28','2019-09-13 23:56:08','1986-12-20 15:38:00','2021-02-18 19:12:19'),(38,95,2,'2006-09-15 16:55:12','1980-01-28 14:05:26','1982-05-27 11:48:57','2021-02-18 19:12:19'),(38,98,3,'2017-08-20 15:36:02','2017-10-18 16:33:45','2012-02-12 20:04:21','2021-02-18 19:12:19'),(41,75,1,'1991-06-04 21:12:35','1988-03-07 12:10:32','2001-07-10 19:03:29','1991-07-07 03:46:15'),(42,84,2,'2006-08-30 04:16:18','1985-05-31 00:28:29','2000-11-10 03:14:03','2021-02-18 19:12:19'),(43,18,1,'1977-12-17 04:14:21','1974-03-31 02:19:22','1972-01-11 22:54:09','2021-02-18 19:12:19'),(43,51,2,'1979-03-30 04:04:52','1973-11-30 17:50:11','2009-04-19 22:00:05','2021-02-18 19:12:19'),(44,1,1,'2006-03-09 04:04:10','2019-09-26 14:25:19','2018-05-03 21:52:16','2021-02-18 19:12:19'),(45,42,1,'1980-07-29 20:30:47','2012-02-17 15:24:06','2000-03-26 18:02:28','2021-02-18 19:12:19'),(46,84,1,'1985-07-10 19:32:52','2011-08-28 00:18:27','1996-10-26 22:34:49','2021-02-18 19:12:19'),(46,87,3,'1980-06-01 19:56:16','2021-01-22 23:44:32','1991-02-17 06:46:12','2021-02-18 19:12:19'),(49,70,3,'1978-11-30 00:03:59','2020-04-04 02:23:48','2014-02-27 16:00:52','2021-02-18 19:12:19'),(51,66,2,'1983-12-12 08:12:35','1977-06-10 10:58:28','1992-12-07 13:32:47','2021-02-18 19:12:19'),(53,47,1,'1983-12-08 03:40:54','1980-12-23 10:16:25','1974-07-23 07:26:30','2021-02-18 19:12:19'),(56,82,3,'1973-12-15 13:37:12','2007-04-27 19:33:07','1976-11-30 06:05:21','2021-02-18 19:12:19'),(57,8,1,'1999-02-26 23:52:02','2010-08-31 11:17:25','2005-10-08 03:56:33','2021-02-18 19:12:19'),(58,5,3,'1972-02-28 14:53:06','1977-03-09 15:19:55','1982-10-25 01:52:10','2021-02-18 19:12:19'),(58,61,1,'1988-02-19 16:43:19','1977-05-03 23:25:09','2021-01-02 03:41:15','2021-02-18 19:12:19'),(60,37,1,'2004-01-03 01:10:03','2001-12-01 01:08:28','2014-10-12 04:50:57','1989-10-10 10:32:22'),(61,82,3,'2001-04-18 00:00:02','1987-10-21 20:04:51','1984-01-16 21:11:05','2021-02-18 19:12:19'),(62,37,1,'1976-07-28 07:26:32','1988-07-03 12:09:19','1999-03-01 00:24:12','2021-02-18 19:12:19'),(63,88,1,'1984-06-25 03:28:31','1984-08-09 21:41:16','2010-09-19 09:39:26','2021-02-18 19:12:19'),(64,20,3,'2010-12-06 11:08:12','2017-04-14 04:14:33','1983-02-14 15:36:34','2019-11-01 23:23:17'),(64,45,2,'1976-06-22 15:57:08','2001-12-16 23:18:45','2002-07-18 17:41:11','2021-02-18 19:12:19'),(65,40,1,'1972-05-18 13:35:50','2001-02-24 00:26:33','2018-01-15 08:09:41','1970-06-03 00:17:52'),(65,52,1,'1970-04-07 09:02:10','1998-03-02 16:18:57','2020-11-08 23:39:42','1998-10-31 19:17:08'),(66,1,1,'1981-05-11 04:17:26','2000-05-25 08:17:29','1988-11-29 20:18:25','2021-02-18 19:12:19'),(66,31,2,'2006-03-15 13:22:20','2004-03-23 04:17:46','1992-10-20 14:43:02','2021-02-18 19:12:19'),(67,61,1,'1989-01-07 12:21:48','2018-10-23 06:15:29','2008-08-18 21:09:30','2021-02-18 19:12:19'),(67,62,3,'1981-03-14 13:09:14','1973-03-08 16:18:50','2005-03-10 21:43:16','2021-02-18 19:12:19'),(67,83,3,'1983-09-29 20:02:01','1976-11-30 20:45:32','2008-02-16 22:07:46','2021-02-18 19:12:19'),(68,19,2,'2011-05-18 19:18:51','1973-06-17 11:35:14','1975-11-13 08:53:14','2021-02-18 19:12:19'),(68,43,1,'1997-07-07 03:57:34','1978-09-29 00:18:32','1984-09-10 06:28:27','2021-02-18 19:12:19'),(69,61,3,'1987-09-29 00:27:30','1974-10-30 09:26:35','1997-12-27 07:43:53','1998-04-06 18:20:42'),(70,3,2,'1979-10-21 10:52:07','2014-12-27 07:39:09','1991-08-04 05:40:55','2021-02-18 19:12:19'),(70,71,1,'2010-02-23 09:51:59','2000-04-17 02:39:24','1990-09-05 14:42:51','2021-02-18 19:12:19'),(71,9,2,'1981-12-21 23:53:27','1971-03-04 07:59:39','1978-05-20 05:49:39','2021-02-18 19:12:19'),(71,13,3,'2011-06-18 11:49:17','2006-05-11 19:20:27','1973-01-18 11:30:41','2021-02-18 19:12:19'),(71,92,1,'1988-06-20 17:46:19','1974-06-22 09:11:47','1971-05-24 04:11:14','2021-02-18 19:12:19'),(72,43,2,'1999-05-08 07:51:07','1991-06-20 17:11:24','1992-05-15 05:59:45','2021-02-18 19:12:19'),(72,78,2,'1989-06-24 15:12:40','2015-12-03 00:40:02','1972-11-12 06:36:56','2021-02-18 19:12:19'),(72,82,1,'1976-04-11 06:27:07','1983-02-18 09:28:37','2013-06-30 00:39:26','2021-02-18 19:12:19'),(74,16,2,'2015-04-13 15:37:20','1991-06-12 16:04:03','1976-12-04 21:10:33','2021-02-18 19:12:19'),(76,57,1,'1999-12-19 02:10:10','1991-06-15 17:16:30','2008-04-21 00:03:08','2021-02-18 19:12:19'),(77,42,2,'1974-05-24 00:26:49','1976-09-11 11:17:14','2014-12-17 16:54:07','2021-02-18 19:12:19'),(78,7,2,'1994-03-14 02:36:23','2010-09-01 18:50:32','1992-05-03 13:04:42','2021-02-18 19:12:19'),(82,1,3,'2014-01-13 04:17:52','2001-07-02 14:29:13','2005-06-30 09:13:11','2021-02-18 19:12:19'),(82,53,3,'1976-01-14 16:12:06','2007-09-02 08:52:42','2004-08-01 02:39:18','2021-02-18 19:12:19'),(82,92,2,'1975-12-06 05:39:50','1982-12-21 09:12:33','2007-09-26 15:22:38','2021-02-18 19:12:19'),(84,33,3,'2017-01-23 12:29:03','1998-02-17 11:49:00','2011-05-01 13:51:04','2021-02-18 19:12:19'),(84,89,1,'1983-06-05 01:17:38','2018-12-17 10:44:17','1974-01-19 22:13:26','2021-02-18 19:12:19'),(85,36,1,'2020-09-09 10:45:35','1989-06-27 16:03:58','1988-05-21 20:19:40','2021-02-18 19:12:19'),(87,81,2,'1978-10-16 02:53:43','1990-07-17 17:43:37','1985-12-08 06:10:11','2021-02-18 19:12:19'),(88,91,3,'1990-08-30 11:43:37','1997-06-20 01:43:36','1977-10-06 19:33:44','2021-02-18 19:12:19'),(89,68,1,'1995-04-22 18:56:07','1974-02-02 17:07:15','1970-10-30 18:29:42','2021-02-18 19:12:19'),(89,91,2,'2009-04-21 09:08:14','1976-10-15 20:27:28','1982-02-15 14:34:22','2021-02-18 19:12:19'),(93,94,3,'2018-12-28 04:10:42','1990-05-17 07:26:23','2006-08-08 23:16:37','2021-02-18 19:12:19'),(94,2,2,'1972-07-23 15:31:42','2012-06-22 14:47:09','1997-11-08 18:37:49','1985-06-22 14:53:52'),(94,49,1,'1983-05-27 02:36:39','1977-01-09 10:52:41','2019-09-25 11:28:15','2021-02-18 19:12:19'),(95,7,2,'1989-06-28 22:24:32','1977-09-25 10:07:43','2016-10-04 00:54:13','2021-02-18 19:12:19'),(99,13,2,'1977-02-02 01:11:57','2005-01-13 07:47:39','2011-06-21 17:32:38','2021-02-18 19:12:19'),(99,25,3,'1984-09-24 23:41:16','1996-06-19 21:45:28','1970-06-29 21:01:00','2021-02-18 19:12:19'),(99,47,3,'1991-01-12 18:01:36','2001-06-18 03:45:15','1987-02-10 08:13:28','1994-03-19 11:51:00'),(100,36,3,'2004-07-26 00:30:15','2000-07-20 05:41:09','2007-09-13 02:32:48','2021-02-18 19:12:19'),(100,56,3,'1995-11-01 17:59:33','1993-07-20 19:29:09','1996-02-17 19:39:58','2021-02-18 19:12:19');
/*!40000 ALTER TABLE `friendship` ENABLE KEYS */;
UNLOCK TABLES;

--
-- Table structure for table `friendship_statuses`
--

DROP TABLE IF EXISTS `friendship_statuses`;
/*!40101 SET @saved_cs_client     = @@character_set_client */;
/*!50503 SET character_set_client = utf8mb4 */;
CREATE TABLE `friendship_statuses` (
  `id` int unsigned NOT NULL AUTO_INCREMENT COMMENT 'Идентификатор строки',
  `name` varchar(150) CHARACTER SET utf8mb4 COLLATE utf8mb4_unicode_ci NOT NULL COMMENT 'Название статуса',
  `created_at` datetime DEFAULT CURRENT_TIMESTAMP COMMENT 'Время создания строки',
  `updated_at` datetime DEFAULT CURRENT_TIMESTAMP ON UPDATE CURRENT_TIMESTAMP COMMENT 'Время обновления строки',
  PRIMARY KEY (`id`),
  UNIQUE KEY `name` (`name`)
) ENGINE=InnoDB AUTO_INCREMENT=4 DEFAULT CHARSET=utf8mb4 COLLATE=utf8mb4_unicode_ci COMMENT='Статусы дружбы';
/*!40101 SET character_set_client = @saved_cs_client */;

--
-- Dumping data for table `friendship_statuses`
--

LOCK TABLES `friendship_statuses` WRITE;
/*!40000 ALTER TABLE `friendship_statuses` DISABLE KEYS */;
INSERT INTO `friendship_statuses` VALUES (1,'Requested','2021-02-18 19:12:14','2021-02-18 19:12:14'),(2,'Confirmed','2021-02-18 19:12:14','2021-02-18 19:12:14'),(3,'Rejected','2021-02-18 19:12:14','2021-02-18 19:12:14');
/*!40000 ALTER TABLE `friendship_statuses` ENABLE KEYS */;
UNLOCK TABLES;

--
-- Table structure for table `media`
--

DROP TABLE IF EXISTS `media`;
/*!40101 SET @saved_cs_client     = @@character_set_client */;
/*!50503 SET character_set_client = utf8mb4 */;
CREATE TABLE `media` (
  `id` int unsigned NOT NULL AUTO_INCREMENT COMMENT 'Идентификатор строки',
  `user_id` int unsigned NOT NULL COMMENT 'Ссылка на пользователя, который загрузил файл',
  `filename` varchar(255) CHARACTER SET utf8mb4 COLLATE utf8mb4_unicode_ci NOT NULL COMMENT 'Путь к файлу',
  `size` int NOT NULL COMMENT 'Размер файла',
  `metadata` json DEFAULT NULL,
  `media_type_id` int unsigned NOT NULL COMMENT 'Ссылка на тип контента',
  `created_at` datetime DEFAULT CURRENT_TIMESTAMP COMMENT 'Время создания строки',
  `updated_at` datetime DEFAULT CURRENT_TIMESTAMP ON UPDATE CURRENT_TIMESTAMP COMMENT 'Время обновления строки',
  PRIMARY KEY (`id`),
  CONSTRAINT `media_chk_1` CHECK (json_valid(`metadata`))
) ENGINE=InnoDB AUTO_INCREMENT=101 DEFAULT CHARSET=utf8mb4 COLLATE=utf8mb4_unicode_ci COMMENT='Медиафайлы';
/*!40101 SET character_set_client = @saved_cs_client */;

--
-- Dumping data for table `media`
--

LOCK TABLES `media` WRITE;
/*!40000 ALTER TABLE `media` DISABLE KEYS */;
INSERT INTO `media` VALUES (1,33,'http://dropbox.net/vk/corrupti.mpeg',539308,'{\"owner\": \"Osborne Kuvalis\"}',2,'1971-12-18 16:24:27','2021-02-18 19:07:18'),(2,20,'http://dropbox.net/vk/nisi.avi',372354,'{\"owner\": \"Vernice Harber\"}',3,'2010-11-22 22:18:34','2021-02-18 19:07:18'),(3,78,'http://dropbox.net/vk/ut.png',562713,'{\"owner\": \"Letitia Dach\"}',3,'1972-07-12 10:50:30','2021-02-18 19:03:51'),(4,15,'http://dropbox.net/vk/eaque.avi',233846,'{\"owner\": \"Kurtis Hermann\"}',1,'1986-12-15 10:25:10','2021-02-18 19:07:18'),(5,64,'http://dropbox.net/vk/accusamus.jpeg',42167,'{\"owner\": \"Joanny Mayert\"}',1,'1974-09-12 06:27:37','2021-02-18 19:07:18'),(6,19,'http://dropbox.net/vk/veniam.avi',499296,'{\"owner\": \"Julio Marks\"}',3,'1990-02-16 08:31:40','2021-02-18 19:07:18'),(7,66,'http://dropbox.net/vk/ut.jpeg',359983,'{\"owner\": \"Guy Bradtke\"}',2,'2007-11-07 19:14:19','2021-02-18 19:03:51'),(8,95,'http://dropbox.net/vk/eligendi.avi',292026,'{\"owner\": \"Helga Daniel\"}',3,'2008-06-23 16:07:29','2021-02-18 19:03:51'),(9,1,'http://dropbox.net/vk/et.png',659204,'{\"owner\": \"Carmela Wuckert\"}',3,'2004-08-02 19:49:43','2021-02-18 19:07:18'),(10,19,'http://dropbox.net/vk/animi.avi',370183,'{\"owner\": \"Julio Marks\"}',3,'1978-08-16 09:34:47','2021-02-18 19:07:18'),(11,42,'http://dropbox.net/vk/voluptatibus.avi',341290,'{\"owner\": \"Kyla Adams\"}',3,'1987-06-11 05:33:30','2021-02-18 19:07:18'),(12,26,'http://dropbox.net/vk/eligendi.png',964836,'{\"owner\": \"Samson Ryan\"}',2,'2011-11-02 13:43:53','2021-02-18 19:03:51'),(13,98,'http://dropbox.net/vk/consequatur.jpeg',9337,'{\"owner\": \"Dorcas Koss\"}',1,'2015-04-14 20:10:16','2021-02-18 19:07:18'),(14,90,'http://dropbox.net/vk/reiciendis.avi',68729,'{\"owner\": \"Jerrold Harvey\"}',3,'1978-12-12 14:31:23','2021-02-18 19:07:18'),(15,23,'http://dropbox.net/vk/eum.jpeg',36696,'{\"owner\": \"Noble Dickens\"}',1,'1976-03-24 12:59:08','2021-02-18 19:07:18'),(16,33,'http://dropbox.net/vk/dignissimos.mpeg',129847,'{\"owner\": \"Osborne Kuvalis\"}',2,'2004-12-17 17:57:50','2021-02-18 19:07:18'),(17,75,'http://dropbox.net/vk/delectus.png',246829,'{\"owner\": \"Barney Brown\"}',1,'1982-09-13 19:08:04','2021-02-18 19:07:18'),(18,10,'http://dropbox.net/vk/et.avi',21373,'{\"owner\": \"Rachael Keeling\"}',2,'2000-04-08 05:52:34','2021-02-18 19:07:18'),(19,81,'http://dropbox.net/vk/odio.avi',703632,'{\"owner\": \"Janiya Erdman\"}',1,'1991-08-18 23:34:28','2021-02-18 19:07:18'),(20,55,'http://dropbox.net/vk/aliquid.avi',975226366,'{\"owner\": \"Bernice Bergstrom\"}',1,'1977-10-24 02:54:55','2021-02-18 19:07:18'),(21,38,'http://dropbox.net/vk/soluta.jpeg',705454062,'{\"owner\": \"Beth Bayer\"}',3,'2003-02-17 02:29:53','2021-02-18 19:07:18'),(22,83,'http://dropbox.net/vk/est.png',51314,'{\"owner\": \"Margarete Maggio\"}',1,'2010-01-20 00:37:56','2021-02-18 19:07:18'),(23,98,'http://dropbox.net/vk/et.jpeg',613651,'{\"owner\": \"Dorcas Koss\"}',1,'1970-09-12 05:59:44','2021-02-18 19:07:18'),(24,58,'http://dropbox.net/vk/et.jpeg',189366,'{\"owner\": \"Fidel O\'Reilly\"}',1,'1994-08-03 13:46:45','2021-02-18 19:07:18'),(25,66,'http://dropbox.net/vk/optio.jpeg',947359,'{\"owner\": \"Guy Bradtke\"}',1,'1997-12-09 08:12:55','2021-02-18 19:07:18'),(26,9,'http://dropbox.net/vk/tempore.jpeg',8166,'{\"owner\": \"Sunny Marks\"}',3,'1974-08-28 07:38:02','2021-02-18 19:07:18'),(27,43,'http://dropbox.net/vk/vel.avi',885843,'{\"owner\": \"Kobe Wehner\"}',1,'2006-11-17 16:30:12','2021-02-18 19:07:18'),(28,65,'http://dropbox.net/vk/et.avi',577141,'{\"owner\": \"Gabrielle Gleason\"}',2,'2009-07-21 00:34:51','2021-02-18 19:07:18'),(29,26,'http://dropbox.net/vk/et.avi',65806950,'{\"owner\": \"Samson Ryan\"}',2,'1982-03-10 01:46:05','2021-02-18 19:07:18'),(30,48,'http://dropbox.net/vk/sit.jpeg',218176,'{\"owner\": \"Fannie Bosco\"}',3,'1989-03-04 07:43:40','2021-02-18 19:07:18'),(31,78,'http://dropbox.net/vk/et.avi',349455,'{\"owner\": \"Letitia Dach\"}',1,'2000-07-10 01:07:20','2021-02-18 19:03:51'),(32,59,'http://dropbox.net/vk/voluptas.png',82748,'{\"owner\": \"Rose Bechtelar\"}',1,'1993-11-01 04:59:11','2021-02-18 19:07:18'),(33,68,'http://dropbox.net/vk/quia.mpeg',74586851,'{\"owner\": \"Marion Gottlieb\"}',3,'2001-10-31 04:24:31','2021-02-18 19:03:51'),(34,56,'http://dropbox.net/vk/animi.avi',355376,'{\"owner\": \"Brenda Schmidt\"}',1,'1978-02-17 19:21:31','2021-02-18 19:07:18'),(35,74,'http://dropbox.net/vk/voluptatem.mpeg',570869714,'{\"owner\": \"Earlene Kuphal\"}',1,'2018-07-19 06:21:26','2021-02-18 19:07:18'),(36,31,'http://dropbox.net/vk/doloremque.mpeg',587507219,'{\"owner\": \"Sterling Bashirian\"}',1,'2014-01-05 13:34:55','2021-02-18 19:03:51'),(37,74,'http://dropbox.net/vk/itaque.mpeg',9696,'{\"owner\": \"Earlene Kuphal\"}',2,'2011-08-30 14:38:34','2021-02-18 19:03:51'),(38,39,'http://dropbox.net/vk/possimus.avi',9786131,'{\"owner\": \"Berta Nolan\"}',2,'1974-07-11 18:20:05','2021-02-18 19:07:18'),(39,26,'http://dropbox.net/vk/iste.mpeg',6850133,'{\"owner\": \"Samson Ryan\"}',1,'1980-09-03 08:45:15','2021-02-18 19:07:18'),(40,74,'http://dropbox.net/vk/magni.jpeg',24279,'{\"owner\": \"Earlene Kuphal\"}',2,'2000-06-27 07:19:53','2021-02-18 19:07:18'),(41,58,'http://dropbox.net/vk/optio.png',5895541,'{\"owner\": \"Fidel O\'Reilly\"}',2,'2005-12-13 14:33:50','2021-02-18 19:07:18'),(42,67,'http://dropbox.net/vk/nam.jpeg',5871,'{\"owner\": \"Jennings Ebert\"}',2,'2015-07-05 19:44:46','2021-02-18 19:03:51'),(43,100,'http://dropbox.net/vk/sequi.avi',3911461,'{\"owner\": \"Janie Satterfield\"}',3,'1990-12-08 00:34:37','2021-02-18 19:03:51'),(44,55,'http://dropbox.net/vk/minus.jpeg',85913172,'{\"owner\": \"Bernice Bergstrom\"}',1,'2013-04-07 06:22:54','2021-02-18 19:07:18'),(45,57,'http://dropbox.net/vk/non.png',8853684,'{\"owner\": \"Jasmin Cartwright\"}',2,'2008-12-25 20:42:40','2021-02-18 19:07:18'),(46,23,'http://dropbox.net/vk/eius.png',2283214,'{\"owner\": \"Noble Dickens\"}',1,'1989-03-23 11:31:49','2021-02-18 19:03:51'),(47,88,'http://dropbox.net/vk/voluptatem.png',136013,'{\"owner\": \"Berneice Raynor\"}',1,'1976-09-14 07:20:14','2021-02-18 19:07:18'),(48,31,'http://dropbox.net/vk/quia.avi',518638,'{\"owner\": \"Sterling Bashirian\"}',2,'2002-04-12 10:05:18','2021-02-18 19:07:18'),(49,32,'http://dropbox.net/vk/quis.png',27814586,'{\"owner\": \"Erica Rowe\"}',2,'1988-02-16 00:32:01','2021-02-18 19:07:18'),(50,68,'http://dropbox.net/vk/voluptas.png',517060,'{\"owner\": \"Marion Gottlieb\"}',2,'1996-03-18 09:34:54','2021-02-18 19:07:18'),(51,86,'http://dropbox.net/vk/omnis.avi',19389,'{\"owner\": \"Andreane Thompson\"}',3,'1978-06-03 07:54:14','2021-02-18 19:07:18'),(52,70,'http://dropbox.net/vk/dolor.png',507538,'{\"owner\": \"Trevion O\'Connell\"}',1,'1990-10-25 11:57:45','2021-02-18 19:07:18'),(53,51,'http://dropbox.net/vk/qui.png',303221,'{\"owner\": \"Maci Zulauf\"}',1,'1970-02-19 17:24:17','2021-02-18 19:07:18'),(54,83,'http://dropbox.net/vk/et.jpeg',6913,'{\"owner\": \"Margarete Maggio\"}',1,'2007-12-28 14:23:32','2021-02-18 19:07:18'),(55,27,'http://dropbox.net/vk/porro.avi',17049087,'{\"owner\": \"Lynn Botsford\"}',1,'2017-10-02 03:37:29','2021-02-18 19:07:18'),(56,17,'http://dropbox.net/vk/dignissimos.jpeg',88536,'{\"owner\": \"Carmel King\"}',1,'1976-04-30 07:39:40','2021-02-18 19:03:51'),(57,92,'http://dropbox.net/vk/quam.png',535764,'{\"owner\": \"Scarlett Harvey\"}',3,'1988-02-10 16:40:28','2021-02-18 19:07:18'),(58,69,'http://dropbox.net/vk/laudantium.jpeg',5528167,'{\"owner\": \"Melyna Koch\"}',2,'1985-06-19 00:31:04','2021-02-18 19:07:18'),(59,81,'http://dropbox.net/vk/et.avi',610655,'{\"owner\": \"Janiya Erdman\"}',1,'2019-03-30 14:05:06','2021-02-18 19:07:18'),(60,18,'http://dropbox.net/vk/repudiandae.jpeg',813783138,'{\"owner\": \"Rick Blanda\"}',2,'1981-02-14 08:45:03','2021-02-18 19:07:18'),(61,17,'http://dropbox.net/vk/laudantium.png',435981,'{\"owner\": \"Carmel King\"}',2,'1975-09-20 15:04:04','2021-02-18 19:07:18'),(62,58,'http://dropbox.net/vk/sequi.jpeg',687228,'{\"owner\": \"Fidel O\'Reilly\"}',3,'1988-04-15 04:14:57','2021-02-18 19:07:18'),(63,77,'http://dropbox.net/vk/qui.png',9420,'{\"owner\": \"Jarret Heidenreich\"}',2,'1992-08-17 17:48:34','2021-02-18 19:07:18'),(64,84,'http://dropbox.net/vk/consequatur.jpeg',337942,'{\"owner\": \"Terrell Schiller\"}',3,'1987-10-01 10:23:42','2021-02-18 19:07:18'),(65,13,'http://dropbox.net/vk/fugit.png',15304623,'{\"owner\": \"Chelsea Renner\"}',1,'2004-07-28 04:42:07','2021-02-18 19:07:18'),(66,50,'http://dropbox.net/vk/non.png',60580048,'{\"owner\": \"Kaelyn Beier\"}',2,'1987-03-11 15:21:56','2021-02-18 19:07:18'),(67,14,'http://dropbox.net/vk/dignissimos.jpeg',371767,'{\"owner\": \"Arnaldo Krajcik\"}',1,'1989-10-12 23:33:16','2021-02-18 19:07:18'),(68,87,'http://dropbox.net/vk/illum.mpeg',835008,'{\"owner\": \"Dorothy Hahn\"}',2,'1977-04-01 23:43:23','2021-02-18 19:07:18'),(69,88,'http://dropbox.net/vk/rem.mpeg',49743,'{\"owner\": \"Berneice Raynor\"}',2,'2001-12-14 21:22:22','2021-02-18 19:07:18'),(70,39,'http://dropbox.net/vk/est.avi',733689,'{\"owner\": \"Berta Nolan\"}',2,'1998-11-12 15:41:51','2021-02-18 19:07:18'),(71,61,'http://dropbox.net/vk/soluta.jpeg',577971416,'{\"owner\": \"Jewell Swaniawski\"}',3,'1992-09-17 02:59:03','2021-02-18 19:07:18'),(72,45,'http://dropbox.net/vk/ut.mpeg',410091,'{\"owner\": \"Linwood Conroy\"}',3,'1998-05-18 13:19:37','2021-02-18 19:07:18'),(73,6,'http://dropbox.net/vk/ducimus.jpeg',509218,'{\"owner\": \"Conrad Pouros\"}',3,'2008-04-22 00:06:50','2021-02-18 19:03:51'),(74,60,'http://dropbox.net/vk/repellat.mpeg',2455867,'{\"owner\": \"Jace Boyle\"}',3,'2011-08-29 19:53:05','2021-02-18 19:07:18'),(75,100,'http://dropbox.net/vk/nesciunt.png',335023,'{\"owner\": \"Janie Satterfield\"}',1,'2014-11-01 12:32:54','2021-02-18 19:07:18'),(76,62,'http://dropbox.net/vk/placeat.avi',137462,'{\"owner\": \"Michel Powlowski\"}',1,'2012-03-15 17:14:30','2021-02-18 19:03:51'),(77,82,'http://dropbox.net/vk/error.mpeg',2778714,'{\"owner\": \"Reva Reynolds\"}',3,'1996-12-07 20:37:13','2021-02-18 19:07:18'),(78,87,'http://dropbox.net/vk/et.mpeg',672242,'{\"owner\": \"Dorothy Hahn\"}',3,'1973-02-07 23:49:04','2021-02-18 19:03:51'),(79,93,'http://dropbox.net/vk/repellendus.avi',67331323,'{\"owner\": \"Selmer Oberbrunner\"}',2,'2013-04-18 21:53:38','2021-02-18 19:07:18'),(80,14,'http://dropbox.net/vk/dolor.jpeg',104699,'{\"owner\": \"Arnaldo Krajcik\"}',1,'1972-06-22 12:00:56','2021-02-18 19:07:18'),(81,55,'http://dropbox.net/vk/assumenda.jpeg',938826,'{\"owner\": \"Bernice Bergstrom\"}',1,'2003-01-10 01:44:49','2021-02-18 19:03:51'),(82,78,'http://dropbox.net/vk/tempora.avi',29012831,'{\"owner\": \"Letitia Dach\"}',3,'1998-10-16 05:49:10','2021-02-18 19:07:18'),(83,83,'http://dropbox.net/vk/nostrum.png',667403,'{\"owner\": \"Margarete Maggio\"}',1,'1986-09-28 00:34:24','2021-02-18 19:07:18'),(84,5,'http://dropbox.net/vk/pariatur.jpeg',510536,'{\"owner\": \"Reuben Kiehn\"}',3,'2000-08-20 02:49:08','2021-02-18 19:07:18'),(85,61,'http://dropbox.net/vk/dolorem.avi',540474,'{\"owner\": \"Jewell Swaniawski\"}',1,'1986-02-06 09:12:01','2021-02-18 19:07:18'),(86,9,'http://dropbox.net/vk/et.mpeg',88955526,'{\"owner\": \"Sunny Marks\"}',1,'1994-07-01 22:37:42','2021-02-18 19:03:51'),(87,21,'http://dropbox.net/vk/et.jpeg',352683323,'{\"owner\": \"Payton Kilback\"}',2,'1978-08-18 16:46:35','2021-02-18 19:03:51'),(88,52,'http://dropbox.net/vk/et.png',858894356,'{\"owner\": \"Angelita Rau\"}',2,'1990-04-15 22:56:04','2021-02-18 19:07:18'),(89,78,'http://dropbox.net/vk/autem.png',160762,'{\"owner\": \"Letitia Dach\"}',2,'2018-09-06 16:24:50','2021-02-18 19:07:18'),(90,1,'http://dropbox.net/vk/quia.png',665489,'{\"owner\": \"Carmela Wuckert\"}',2,'1991-06-12 07:25:09','2021-02-18 19:07:18'),(91,70,'http://dropbox.net/vk/nam.png',172389,'{\"owner\": \"Trevion O\'Connell\"}',1,'2010-10-22 13:13:53','2021-02-18 19:03:51'),(92,94,'http://dropbox.net/vk/suscipit.png',267854,'{\"owner\": \"Theresa Lebsack\"}',1,'2016-07-18 15:09:58','2021-02-18 19:07:18'),(93,59,'http://dropbox.net/vk/sapiente.avi',369658,'{\"owner\": \"Rose Bechtelar\"}',1,'1986-01-26 00:33:32','2021-02-18 19:07:18'),(94,46,'http://dropbox.net/vk/ea.jpeg',321126,'{\"owner\": \"Kaylah Grimes\"}',2,'1979-01-12 23:34:20','2021-02-18 19:07:18'),(95,77,'http://dropbox.net/vk/voluptatibus.mpeg',115635,'{\"owner\": \"Jarret Heidenreich\"}',1,'1976-03-12 15:49:42','2021-02-18 19:07:18'),(96,72,'http://dropbox.net/vk/quasi.avi',937569013,'{\"owner\": \"Jody Friesen\"}',2,'2020-10-21 05:22:09','2021-02-18 19:07:18'),(97,95,'http://dropbox.net/vk/et.mpeg',615767250,'{\"owner\": \"Helga Daniel\"}',3,'2004-02-07 19:41:24','2021-02-18 19:07:18'),(98,91,'http://dropbox.net/vk/modi.mpeg',2799,'{\"owner\": \"Sharon Morissette\"}',1,'1981-07-16 13:13:02','2021-02-18 19:07:18'),(99,58,'http://dropbox.net/vk/eum.jpeg',486657,'{\"owner\": \"Fidel O\'Reilly\"}',3,'1981-05-21 04:57:25','2021-02-18 19:07:18'),(100,83,'http://dropbox.net/vk/aut.mpeg',203718,'{\"owner\": \"Margarete Maggio\"}',1,'1997-02-16 00:22:19','2021-02-18 19:07:18');
/*!40000 ALTER TABLE `media` ENABLE KEYS */;
UNLOCK TABLES;

--
-- Table structure for table `media_types`
--

DROP TABLE IF EXISTS `media_types`;
/*!40101 SET @saved_cs_client     = @@character_set_client */;
/*!50503 SET character_set_client = utf8mb4 */;
CREATE TABLE `media_types` (
  `id` int unsigned NOT NULL AUTO_INCREMENT COMMENT 'Идентификатор строки',
  `name` varchar(255) CHARACTER SET utf8mb4 COLLATE utf8mb4_unicode_ci NOT NULL COMMENT 'Название типа',
  `created_at` datetime DEFAULT CURRENT_TIMESTAMP COMMENT 'Время создания строки',
  `updated_at` datetime DEFAULT CURRENT_TIMESTAMP ON UPDATE CURRENT_TIMESTAMP COMMENT 'Время обновления строки',
  PRIMARY KEY (`id`),
  UNIQUE KEY `name` (`name`)
) ENGINE=InnoDB AUTO_INCREMENT=4 DEFAULT CHARSET=utf8mb4 COLLATE=utf8mb4_unicode_ci COMMENT='Типы медиафайлов';
/*!40101 SET character_set_client = @saved_cs_client */;

--
-- Dumping data for table `media_types`
--

LOCK TABLES `media_types` WRITE;
/*!40000 ALTER TABLE `media_types` DISABLE KEYS */;
INSERT INTO `media_types` VALUES (1,'photo','2021-02-18 19:06:40','2021-02-18 19:06:40'),(2,'video','2021-02-18 19:06:40','2021-02-18 19:06:40'),(3,'audio','2021-02-18 19:06:40','2021-02-18 19:06:40');
/*!40000 ALTER TABLE `media_types` ENABLE KEYS */;
UNLOCK TABLES;

--
-- Table structure for table `messages`
--

DROP TABLE IF EXISTS `messages`;
/*!40101 SET @saved_cs_client     = @@character_set_client */;
/*!50503 SET character_set_client = utf8mb4 */;
CREATE TABLE `messages` (
  `id` int unsigned NOT NULL AUTO_INCREMENT COMMENT 'Идентификатор строки',
  `from_user_id` int unsigned NOT NULL COMMENT 'Ссылка на отправителя сообщения',
  `to_user_id` int unsigned NOT NULL COMMENT 'Ссылка на получателя сообщения',
  `body` text CHARACTER SET utf8mb4 COLLATE utf8mb4_unicode_ci NOT NULL COMMENT 'Текст сообщения',
  `is_important` tinyint(1) DEFAULT NULL COMMENT 'Признак важности',
  `is_delivered` tinyint(1) DEFAULT NULL COMMENT 'Признак доставки',
  `created_at` datetime DEFAULT CURRENT_TIMESTAMP COMMENT 'Время создания строки',
  PRIMARY KEY (`id`)
) ENGINE=InnoDB AUTO_INCREMENT=101 DEFAULT CHARSET=utf8mb4 COLLATE=utf8mb4_unicode_ci COMMENT='Сообщения';
/*!40101 SET character_set_client = @saved_cs_client */;

--
-- Dumping data for table `messages`
--

LOCK TABLES `messages` WRITE;
/*!40000 ALTER TABLE `messages` DISABLE KEYS */;
INSERT INTO `messages` VALUES (1,17,47,'Omnis velit eveniet eius rerum quaerat maxime. Facilis sunt unde vel necessitatibus. Dolorum veritatis molestias eveniet quia qui omnis assumenda occaecati.',1,1,'1977-08-05 23:47:21'),(2,12,49,'Officiis sed qui molestiae accusamus sit officia. Vel possimus distinctio rerum recusandae veniam. Corporis natus voluptatum odit facere qui molestiae aperiam.',0,0,'1988-05-24 00:34:02'),(3,75,14,'Ut inventore fuga rem autem sunt. Et labore maxime eaque enim commodi nam.',1,1,'1983-01-01 07:28:30'),(4,4,87,'Et voluptatem id voluptatibus. Esse est incidunt odit quos consequatur aut eaque.',0,0,'1981-03-08 16:55:14'),(5,77,63,'Optio vitae rerum laudantium molestias sapiente dicta est. Fugit quos fugit ipsa ut et voluptatem dicta. Velit consequatur natus molestias eos voluptas unde provident. Inventore eum nihil ipsum atque.',1,1,'2005-11-13 15:10:37'),(6,88,49,'Unde consequatur quod mollitia magni sapiente vitae. Omnis perspiciatis praesentium qui et et aut tempora. Velit explicabo et aperiam veniam laborum sit necessitatibus. Adipisci quo id dolor animi et quaerat eveniet sed.',0,1,'2010-09-09 12:07:42'),(7,79,9,'Quam consequatur nemo ad repellat suscipit enim repellat. Qui illo suscipit quo est sit ut. Provident aliquid qui eligendi voluptas sit veniam. Earum eos nam sunt sint.',0,0,'2015-07-18 10:08:28'),(8,54,80,'Modi aut ipsam unde dolorem. Commodi consequatur nam nemo recusandae. Voluptatum rerum numquam pariatur sint.',0,1,'2000-03-30 01:46:33'),(9,18,32,'Aut quis odit vel voluptatem aut. Nesciunt voluptate voluptatum accusamus officia rem. Ab autem pariatur tenetur sapiente aperiam sunt veniam architecto. Facilis molestias delectus unde quasi necessitatibus consectetur omnis provident.',0,1,'1990-03-08 18:55:23'),(10,39,35,'Magni cupiditate itaque facere magni. Inventore perferendis voluptas et nobis dolores delectus incidunt non. Explicabo omnis asperiores maiores.',1,1,'2007-05-24 06:17:50'),(11,33,4,'Aliquid et consequuntur iusto cum dolor. Quis delectus fugiat sed suscipit alias molestiae accusamus cum. Doloribus alias qui saepe quia corrupti et.',0,1,'1984-09-04 19:43:33'),(12,61,70,'Sed omnis cumque ad magni cupiditate. Sint voluptate amet cupiditate cum. Tenetur exercitationem beatae qui velit quidem nobis maxime. Sint eveniet fugit modi rerum veritatis quae ad.',0,1,'2005-04-25 14:10:30'),(13,54,64,'Vitae atque tempore magni perferendis possimus et distinctio vel. Et omnis doloribus numquam quisquam veritatis ipsam molestiae modi. Qui quos repellendus aliquid delectus voluptatem. Excepturi a dolor culpa doloribus eveniet laborum.',1,1,'2009-02-16 23:26:39'),(14,33,36,'Expedita qui cupiditate cupiditate suscipit totam nisi debitis. Deserunt sint animi dicta quae expedita ex nostrum quo. Et totam ut ut veritatis.',0,0,'1973-07-18 19:15:55'),(15,10,67,'Repudiandae inventore labore repellendus. Magni non veritatis nesciunt et nulla qui. Rerum error magnam autem et mollitia autem.',0,0,'2008-12-17 14:11:00'),(16,54,54,'Rerum et quam accusantium et. Quis consequatur consectetur a nihil et laudantium molestias. Consequatur laboriosam vitae iusto quod. Ratione saepe aut amet esse voluptas quos.',1,0,'2020-09-01 15:41:24'),(17,51,52,'Voluptate assumenda quia quia asperiores sed enim. Asperiores facilis tempore quia velit voluptates rerum eaque. Aut sed accusantium libero hic enim occaecati maiores.',1,1,'1999-07-15 00:37:08'),(18,99,8,'Ullam iure qui veniam similique. Est dicta a adipisci rerum. Incidunt recusandae laudantium omnis nemo eligendi magni saepe. Consequatur rem doloribus ut at eligendi voluptatum facilis deleniti.',1,1,'2006-03-28 03:54:36'),(19,91,31,'Esse enim occaecati sit. Perferendis molestiae voluptas voluptatem qui.',0,0,'2018-05-26 09:37:31'),(20,59,55,'Et laborum est itaque et deserunt corrupti ut. Illum rerum asperiores odio ut vel consequatur. Iure sit laboriosam non numquam totam odio omnis. Commodi dolorum quibusdam consequatur neque. Amet id sed quia laborum.',1,0,'2000-10-20 19:29:50'),(21,40,29,'Aut vero vitae nobis fugit nam. Quia consequuntur voluptas neque facere non occaecati molestiae. Labore consequatur voluptates ducimus possimus nam deserunt.',1,1,'1983-04-13 14:45:48'),(22,56,21,'Sapiente voluptatum unde voluptatem dolores. Assumenda ab dignissimos totam. Beatae corrupti error sit beatae rerum accusamus. Commodi consectetur facere esse earum dolorum.',0,1,'2003-03-23 09:05:19'),(23,56,4,'Quo soluta aut doloribus ea. Qui cumque voluptatum ut fugiat ut. Quae ad quis error distinctio magnam et architecto. Recusandae quo necessitatibus aut veritatis magnam. Atque alias vitae consequuntur.',0,1,'1998-02-14 19:36:58'),(24,7,45,'Qui cumque vero mollitia voluptatum quisquam. Sed ut est eos voluptates. Culpa sapiente excepturi animi. Dolorem at repellendus modi optio.',0,1,'1981-10-14 06:49:54'),(25,15,92,'Nostrum quae eum dolor quia tenetur. Aut a et dicta qui et cupiditate. Consequatur enim optio voluptatem explicabo adipisci quidem. Quos libero repellat fugit sapiente dolor reiciendis aliquam.',0,1,'1996-10-04 09:05:57'),(26,32,71,'Repellat sint est rem est dolorem officia. Expedita sed qui sit. Dolores voluptatem similique quasi enim nobis ut placeat. Aliquid doloribus velit tempora.',0,1,'1988-03-06 20:51:27'),(27,56,91,'Ducimus quaerat distinctio dolorem nostrum non maiores. Dolorum cumque numquam rem beatae in assumenda hic. Placeat dignissimos culpa natus quos eum consequatur.',1,0,'2000-09-01 11:15:47'),(28,81,11,'Voluptatem iste qui dolor illo nesciunt error. Consequatur quis vero qui optio omnis voluptas temporibus aut. Ea officia nemo quia molestiae tempora ea earum totam. Magnam dolores exercitationem repudiandae.',0,0,'1985-02-25 06:59:55'),(29,96,60,'Ipsam numquam consectetur laboriosam vero dolor tenetur. Dolorum tempora at sit praesentium vel eius illum. Et voluptas et et modi commodi et reiciendis. Voluptatum quos repudiandae iusto.',0,0,'1981-04-27 12:29:03'),(30,15,30,'Amet culpa autem explicabo quos maxime. At deserunt perferendis nulla. In magni odio dolore dolores sed. Quisquam architecto architecto consequuntur aliquid.',0,1,'2004-04-06 00:51:14'),(31,99,44,'Ut ut qui velit quaerat. Voluptatem sit dolor esse odit quae nihil.',1,0,'1976-01-20 18:03:07'),(32,52,41,'Autem aut possimus aut est porro. Ratione id sapiente quam rem culpa. Est eveniet quo possimus ad omnis.',1,1,'1996-02-16 19:34:15'),(33,13,50,'Deleniti temporibus sint quas dolores. Minima dolor dolor doloremque ratione nesciunt ut dolore. Libero praesentium sunt consequatur cupiditate quos mollitia. Ut praesentium et numquam voluptatem tempora voluptate.',0,0,'1977-03-28 21:07:44'),(34,79,47,'Aut officiis ad aperiam laborum voluptas et. Voluptate ipsum fugit culpa voluptates iure sunt dignissimos. Eum voluptas sed eaque.',0,0,'1970-06-25 06:51:31'),(35,48,94,'Aliquam quidem odit eum cumque voluptates expedita. Aut ut corrupti eligendi magnam accusamus. Nulla quidem consequatur qui fuga.',0,0,'2001-02-03 03:11:47'),(36,55,27,'Voluptatem consequatur vel qui aut voluptatem nisi soluta. Necessitatibus omnis dolor ipsa tempora reiciendis. Sed impedit non distinctio minima sunt.',0,1,'1978-10-06 21:27:22'),(37,34,79,'Rem delectus neque consequuntur soluta sit rerum vel. Et et quisquam qui quod aut vitae vel iste. Ratione eos id sunt dolorem.',0,0,'2005-09-24 06:12:31'),(38,63,38,'Atque dolores illo ullam dolorem sed harum sed. Quam necessitatibus dolor quos placeat. Tempore harum alias non repudiandae neque eos eveniet. Doloribus rerum enim suscipit deserunt repellat est.',0,1,'1997-01-01 21:45:41'),(39,42,69,'Vitae nisi molestias ea numquam sit vitae. Dolorum sequi nemo asperiores totam. Quia velit aut exercitationem iusto harum.',1,1,'2004-12-30 00:20:19'),(40,79,29,'Eligendi ab consectetur quisquam itaque nihil inventore. Facere officia sint reprehenderit. Excepturi dolores quia voluptas et repellendus totam eius.',1,0,'2005-10-04 13:12:40'),(41,63,96,'Vero similique fugiat dolore natus voluptas possimus enim. Doloribus temporibus autem inventore ea molestias praesentium commodi. Vel temporibus maiores consequuntur quis quia quibusdam labore.',1,0,'1997-04-24 00:20:29'),(42,32,46,'Labore cumque officia voluptas ut. Minus non necessitatibus velit error dolorem aut. Iure provident illum et reprehenderit reprehenderit quis.',0,1,'2020-02-13 19:35:22'),(43,81,69,'Et quo dolores repellendus harum. Sit veritatis autem officia voluptatum molestias.',0,0,'2017-07-10 06:53:32'),(44,70,74,'Voluptatem quos cupiditate voluptates omnis sint voluptate saepe. Expedita illo itaque praesentium enim odit commodi. Et nesciunt facere nemo qui. Omnis quis et consequuntur ipsa quos quia.',1,1,'1979-11-12 15:35:15'),(45,17,20,'Eum consectetur est laboriosam perferendis qui reiciendis. Tempora dignissimos necessitatibus doloremque sapiente sed aut ut. Nostrum sunt voluptas excepturi ea.',1,1,'2010-06-01 05:08:33'),(46,73,70,'Quas eaque et esse sapiente eum autem. Reprehenderit quaerat itaque consequatur blanditiis et necessitatibus. Cupiditate amet enim dolor odio sunt. Qui et mollitia dolor nihil earum.',0,1,'2018-12-27 18:19:38'),(47,69,46,'Minus delectus quia cupiditate iste. Id recusandae repellat iste deleniti quaerat magni tenetur. Porro sit repellendus ab odit et excepturi asperiores est.',0,1,'2001-07-20 02:43:34'),(48,40,75,'Consequuntur ex magnam maxime ex. Et impedit adipisci aut dicta id qui accusantium. Debitis eos porro ipsam incidunt accusantium. Fuga incidunt ea magnam voluptatem et laborum.',0,0,'1998-11-29 13:39:12'),(49,41,84,'Rerum labore provident ratione asperiores dolor natus. Excepturi eum quidem repellendus error. Aspernatur qui est soluta suscipit maxime corrupti.',0,1,'1992-02-22 05:46:32'),(50,4,76,'Architecto ex laudantium aut perferendis. Et eum natus et deserunt quas. Fugit rerum sunt repellat incidunt non quam. Quae ducimus qui assumenda pariatur temporibus.',0,0,'2005-12-08 13:56:17'),(51,33,27,'Cum error officiis labore. Autem nulla dolorum magni sunt accusamus dolores quae voluptate. Quo laboriosam mollitia iste qui commodi provident animi.',1,1,'1980-03-08 17:39:20'),(52,57,83,'Corporis optio rem hic voluptas. Repudiandae quos qui vero totam quisquam voluptatem est eaque. Repellendus nam qui est fugiat sit adipisci ut. Optio molestiae rerum qui molestias nobis non. Sapiente veritatis eveniet dignissimos perspiciatis sed sunt.',0,0,'2015-06-22 08:17:56'),(53,36,19,'Suscipit minus iusto numquam at nihil ducimus excepturi. A esse eum consequuntur mollitia reiciendis hic. Harum esse expedita impedit aut eligendi voluptatum. Nesciunt aspernatur consectetur consectetur minima et possimus velit.',1,0,'2012-02-03 07:48:41'),(54,98,53,'Sed vero aut modi. Ipsa ea consequatur velit est nihil. Facere voluptates tenetur molestiae ex facilis aut harum. Suscipit laudantium illo sit at assumenda. Delectus perspiciatis laudantium repudiandae libero qui ab.',0,0,'1973-04-26 05:35:47'),(55,57,55,'Ut placeat occaecati rerum sapiente dicta quasi dolores numquam. Voluptatibus id possimus rerum voluptas at ex dolorem. Fugiat est architecto commodi.',0,1,'2014-09-13 13:22:14'),(56,100,89,'Voluptatem culpa quas itaque. Et et laboriosam praesentium autem nisi. Ut sit optio et alias qui eum.',0,1,'2014-06-28 08:56:59'),(57,77,87,'Temporibus sed quasi incidunt similique. Doloribus magni ut fugiat suscipit. Doloribus omnis in maxime et atque.',1,1,'2014-03-25 04:56:29'),(58,20,57,'Est aliquid dignissimos minima consequatur omnis est sit. Quia non harum est est dolores earum. Fuga sed omnis sit temporibus perspiciatis labore recusandae quaerat. Asperiores ut possimus consequatur provident atque dolores at.',1,1,'1996-04-12 03:41:32'),(59,91,45,'Quo consequuntur maiores et ad voluptate. Vitae tempora excepturi natus eaque aliquid aut est dolore. Qui itaque et consequatur est iusto sed porro.',0,0,'1989-06-04 13:58:38'),(60,89,5,'Iusto fugiat eligendi animi minus quis omnis exercitationem. Et est occaecati ipsum ex quia nostrum nulla. Voluptatum amet reiciendis provident occaecati magnam. Sint iure ex quia ab accusamus.',1,0,'2019-04-25 07:24:48'),(61,94,100,'Magnam laudantium fugiat autem voluptatem quibusdam qui. Dolorem dolores suscipit voluptatem voluptas quam nam voluptatem officiis.',1,0,'1974-10-04 02:55:27'),(62,94,36,'Natus ea saepe reiciendis consequatur ex ut. Aut unde et et magnam ad repellat. Aut quis quisquam sed voluptas et rerum sapiente. Asperiores dicta est placeat id quod quisquam.',1,1,'2018-02-10 16:34:00'),(63,95,49,'Nihil veniam ut quaerat sit. Temporibus sunt veritatis et minus expedita. Quae vel quo impedit et amet pariatur officia.',0,1,'2017-02-25 11:00:29'),(64,36,3,'Corrupti nostrum voluptas occaecati et optio eveniet et quasi. Sed inventore unde sed laboriosam totam nesciunt aspernatur. Sed et labore aut aut. Nam non natus similique libero.',0,1,'1985-11-16 19:12:01'),(65,1,91,'Ipsam et velit soluta neque. Ea aut voluptas sapiente quasi laboriosam rem. Sapiente natus consequatur sed et.',0,1,'2010-08-23 06:28:49'),(66,21,18,'Ut dolorem sit expedita dolorum et. Molestiae sit sed culpa et expedita qui tempore. Consequatur omnis accusantium maxime nemo. Tempora ab nam a ea voluptatem.',0,0,'1983-04-20 00:44:33'),(67,4,6,'Autem tempore labore aut est repellendus. Expedita sit ut voluptatibus voluptatum omnis. Maiores vitae unde vitae aut odio et dolorum. Eum sit error perferendis adipisci nobis voluptatum sint.',1,1,'2002-12-19 05:36:21'),(68,37,90,'Rerum et et perspiciatis quos laudantium. Incidunt quisquam dolore pariatur quo deleniti.',0,1,'1995-12-06 01:43:27'),(69,50,31,'Praesentium dolor sed ullam harum dolorem. Beatae ea ut eligendi sequi. Eum voluptatum recusandae odit atque soluta. Distinctio placeat natus nisi sapiente occaecati dolore eligendi quia.',0,1,'2020-03-18 20:01:28'),(70,22,31,'Cupiditate eum adipisci minima non veritatis. Quibusdam quam quaerat minus eaque odio eveniet. Dolorem id reiciendis sed provident vero sint. Distinctio fugit unde voluptate sint et tempora. Doloribus libero et blanditiis veritatis ut.',1,1,'1972-08-11 10:42:54'),(71,14,8,'Vel quidem placeat dolorum. Sed animi atque qui dicta. Aut consequatur voluptas voluptas tenetur facilis deleniti.',1,1,'1971-10-03 18:04:03'),(72,23,68,'Inventore assumenda consequatur quasi fugit sunt alias. Incidunt possimus ut a placeat ut aut. Velit ex fugiat qui autem enim et tempore quo. Earum rerum iusto inventore est eveniet excepturi.',1,0,'1982-08-24 20:44:13'),(73,48,69,'Voluptatem tempora minima porro excepturi cupiditate non. Nisi aut perspiciatis aperiam nulla suscipit eius. Deleniti qui quia pariatur ut. Delectus et id et perspiciatis recusandae.',1,0,'2005-07-10 02:53:43'),(74,25,2,'Dolorum itaque eos illum non deserunt repudiandae. Est voluptatem rerum adipisci cumque. Molestiae quo numquam sed ut veniam.',0,1,'2017-05-31 05:35:30'),(75,4,72,'Dolore consequuntur velit fugit. Quia doloremque animi voluptas rerum. Rerum perspiciatis sed magnam molestiae quaerat nihil. Nisi et earum accusamus qui impedit omnis.',1,1,'2010-08-20 12:21:37'),(76,48,61,'Voluptas aspernatur aspernatur qui id ut beatae aut ex. Et quaerat expedita autem. Vitae modi laboriosam fugiat. Consequatur eum dicta sit molestiae quia voluptatem.',1,0,'2003-04-18 13:17:51'),(77,64,66,'Est quod ad odit quod quia quo ea. Labore id consequatur fuga voluptates et. Ut itaque impedit incidunt molestias totam sunt.',0,1,'2013-08-27 13:55:20'),(78,51,65,'Itaque maxime voluptatem ut natus sequi quia. Quaerat voluptate voluptate sed aut adipisci quia nihil. Velit sit quia atque autem veritatis. Cum magnam ut omnis omnis. Quaerat eligendi autem aliquid tempora quae.',0,1,'2005-08-14 13:52:33'),(79,14,85,'Occaecati voluptatem impedit illo voluptatem illo beatae. Tempora voluptates ut cumque aut. Pariatur in sint delectus autem nemo laborum aut. Nisi aut velit officia corrupti quos repudiandae deleniti omnis.',0,0,'2017-12-27 17:44:05'),(80,61,51,'Eum molestias quae dolorem repellat nostrum. Modi reiciendis consequatur atque nam sit exercitationem omnis. Exercitationem voluptas rerum sed voluptatem excepturi amet.',0,0,'2003-08-29 01:42:01'),(81,58,33,'Qui quo numquam rem consectetur laboriosam dolor libero. Et maxime harum eaque sed est. Adipisci eveniet quasi nisi ut a distinctio vitae. Voluptatem doloremque et reiciendis autem aut sit dolorem. Quasi dolore consequatur qui omnis illum.',0,0,'2019-06-02 12:31:42'),(82,35,25,'Quis quia delectus incidunt explicabo cumque. Eum ut et id officia dolores modi eveniet. Eos deleniti nulla alias. Est odit et mollitia modi voluptates consequatur.',1,1,'1974-11-08 16:31:30'),(83,26,19,'Sint quia deleniti blanditiis earum officiis animi. Et est ducimus distinctio ex velit. Nisi quia et quidem impedit quam quo. Laborum qui ut consequatur magnam distinctio dolor sed.',0,0,'1979-05-18 12:00:48'),(84,29,45,'Tempore sit atque dolores nostrum praesentium quos ea. Nemo amet corrupti itaque tempora eaque. Consequatur voluptatibus sed nam nulla aut.',1,0,'1990-02-21 04:10:41'),(85,30,54,'Qui voluptas distinctio quod distinctio velit non. Illo maiores ut dolorum autem sit perferendis nisi. Et eum optio sint beatae quo non.',1,0,'1992-08-11 04:48:48'),(86,17,54,'Ratione recusandae libero mollitia sequi ut assumenda aut. Aspernatur optio ipsam omnis facere reprehenderit. Consequatur omnis nobis voluptatum non qui.',1,0,'1996-10-29 16:02:30'),(87,50,7,'Mollitia placeat excepturi accusantium magnam. Ut magnam quidem vel dolorem. Error quibusdam tempore ad quia nihil quia.',0,0,'1983-01-17 20:27:19'),(88,36,13,'Quibusdam non qui voluptatibus qui consectetur vitae. Est labore tempora voluptas non ea. At omnis atque tenetur consequuntur sed. Eligendi quia animi dolor impedit ut molestiae nisi.',0,1,'1971-10-27 23:54:41'),(89,29,26,'Harum provident occaecati ut nihil. Culpa et amet consectetur. Fugiat perspiciatis eum et fugiat. Et dolores eveniet harum alias. Et rerum vel voluptate dolor in dicta quia.',1,1,'1984-05-23 00:41:20'),(90,96,40,'Nemo accusamus esse consectetur inventore at minus possimus. Et in eius nisi consequatur aut. Rerum velit sed accusamus accusamus voluptatem quos.',1,0,'1992-08-21 18:55:00'),(91,79,53,'Distinctio nam unde voluptatem aspernatur omnis nesciunt. Consectetur aspernatur sed ut in. Eos ut ut laboriosam. Dicta est recusandae quaerat voluptas iusto illo.',1,0,'2019-04-04 11:22:34'),(92,46,67,'Voluptatem cumque a sequi facilis molestiae commodi. Aut dolore sit numquam facilis suscipit. Atque deleniti nobis nostrum explicabo a est consequatur. Et autem saepe repudiandae quia asperiores enim. Iure facilis saepe iste qui et quisquam.',1,1,'2010-08-09 14:42:14'),(93,49,48,'Non beatae harum at ipsa commodi. Eveniet est ea aut tempora. Cum laborum vero ullam voluptatem nostrum accusamus laboriosam non. Aut repellat magnam laboriosam officiis iste voluptatem ut.',1,1,'1996-09-22 14:14:55'),(94,8,39,'Qui beatae beatae sed sunt beatae. Quidem magnam quisquam aut voluptatem. Aut aut ea sit et.',1,1,'2001-06-30 16:45:25'),(95,4,64,'Eum minus ad modi sed. Ad dolores odit tempora saepe quo omnis sed. Totam dolorem alias debitis facilis ut ducimus sequi dolorem. Ad veritatis eaque magnam repellendus ad sint perspiciatis.',1,0,'1972-05-30 21:27:23'),(96,64,68,'Est enim voluptate asperiores nihil molestias impedit pariatur. Officiis veniam vitae eos minus nulla. Quaerat quisquam rerum aut.',1,1,'1982-01-15 21:02:22'),(97,70,20,'Consectetur ipsa est et facere dolorum. Culpa reiciendis eius mollitia distinctio voluptatibus non ut. Beatae nam aliquam maxime dolorem. Voluptatem sed et qui neque.',1,1,'1978-06-01 01:46:05'),(98,95,13,'Deleniti enim cum repudiandae totam quam expedita natus. Tempore modi sequi asperiores.',0,1,'2011-05-28 20:56:10'),(99,22,16,'Eaque necessitatibus quibusdam fugit est commodi. Dignissimos voluptatem ipsa non totam dolorem nesciunt. Voluptatem qui fugiat et unde omnis. Libero sit ratione saepe molestiae suscipit.',0,1,'1973-01-24 06:53:54'),(100,18,22,'Nulla id sunt quis. Incidunt alias illo id est.',0,1,'1970-03-03 07:45:51');
/*!40000 ALTER TABLE `messages` ENABLE KEYS */;
UNLOCK TABLES;

--
-- Table structure for table `profiles`
--

DROP TABLE IF EXISTS `profiles`;
/*!40101 SET @saved_cs_client     = @@character_set_client */;
/*!50503 SET character_set_client = utf8mb4 */;
CREATE TABLE `profiles` (
  `user_id` int unsigned NOT NULL COMMENT 'Ссылка на пользователя',
  `gender` enum('M','F') COLLATE utf8mb4_unicode_ci DEFAULT NULL,
  `birthday` date DEFAULT NULL COMMENT 'Дата рождения',
  `city` varchar(130) CHARACTER SET utf8mb4 COLLATE utf8mb4_unicode_ci DEFAULT NULL COMMENT 'Город проживания',
  `country` varchar(130) CHARACTER SET utf8mb4 COLLATE utf8mb4_unicode_ci DEFAULT NULL COMMENT 'Страна проживания',
  `created_at` datetime DEFAULT CURRENT_TIMESTAMP COMMENT 'Время создания строки',
  `updated_at` datetime DEFAULT CURRENT_TIMESTAMP ON UPDATE CURRENT_TIMESTAMP COMMENT 'Время обновления строки',
  PRIMARY KEY (`user_id`)
) ENGINE=InnoDB DEFAULT CHARSET=utf8mb4 COLLATE=utf8mb4_unicode_ci COMMENT='Профили';
/*!40101 SET character_set_client = @saved_cs_client */;

--
-- Dumping data for table `profiles`
--

LOCK TABLES `profiles` WRITE;
/*!40000 ALTER TABLE `profiles` DISABLE KEYS */;
INSERT INTO `profiles` VALUES (1,'F','1971-09-26','Watsicaside','Heard Island and McDonald Islands','2013-09-10 00:08:45','1980-06-29 18:57:05'),(2,'F','1986-09-09','Orenhaven','Italy','1999-10-24 19:49:59','2020-06-21 23:31:29'),(3,'M','1970-03-01','Kuhnton','Mauritius','2020-06-24 18:59:22','2021-02-18 18:47:49'),(4,'M','2000-04-13','Luettgenshire','Bosnia and Herzegovina','1996-04-09 02:07:29','1981-08-04 15:01:16'),(5,'F','2020-12-03','Fadeltown','Czech Republic','2004-01-09 20:19:33','2015-04-04 01:22:13'),(6,'F','1992-04-19','Darrelmouth','Martinique','1977-05-02 00:44:48','1971-04-16 07:58:54'),(7,'M','2010-10-26','Wisokyport','Lao People\'s Democratic Republic','1998-11-28 18:11:14','2021-02-18 18:47:49'),(8,'M','2008-05-22','Hershelbury','Kazakhstan','2004-11-18 22:55:16','1973-12-20 15:49:46'),(9,'F','1990-10-11','Davisfort','Puerto Rico','2012-11-30 14:22:29','1978-06-26 05:15:43'),(10,'F','2000-09-27','Muellerland','Estonia','1998-07-25 01:31:05','1991-06-08 04:21:53'),(11,'F','1990-03-24','Port Braxton','Rwanda','1991-11-13 01:48:23','1992-08-07 08:55:35'),(12,'M','1989-06-19','Elsietown','Brazil','1982-12-15 15:24:01','1991-05-08 10:54:08'),(13,'M','2012-05-02','Kingville','Iran','2019-06-24 19:52:38','1989-12-16 03:44:56'),(14,'M','2018-07-03','West Rico','Bermuda','2017-07-01 11:20:27','2001-11-24 04:08:26'),(15,'F','1979-12-27','Savionside','Belarus','1978-09-20 07:32:00','2004-10-06 21:09:28'),(16,'F','2003-08-11','East Emely','Palestinian Territory','2003-05-08 20:31:18','1997-01-08 04:48:49'),(17,'F','1979-02-07','Elenamouth','Reunion','1983-10-19 23:24:34','2008-11-23 16:47:54'),(18,'M','1974-02-18','Heidenreichfurt','Libyan Arab Jamahiriya','1991-11-28 17:41:02','2015-01-17 22:26:27'),(19,'M','2003-04-02','New Jeanburgh','Singapore','2005-11-07 06:23:57','2021-02-18 18:47:49'),(20,'M','1997-02-02','Dietrichburgh','Norfolk Island','1993-06-01 04:38:47','2021-02-18 18:47:49'),(21,'M','1975-09-30','North Arnaldo','Grenada','2000-10-23 18:41:08','2021-02-18 18:47:49'),(22,'M','1987-07-30','South Deangelomouth','Singapore','1991-02-28 22:10:36','2021-02-18 18:47:49'),(23,'F','1977-11-03','East Hal','Pitcairn Islands','1997-05-03 19:56:07','1977-11-06 09:47:50'),(24,'F','1999-09-19','Yasmeenville','Isle of Man','1979-01-21 05:23:21','1980-12-25 08:39:30'),(25,'M','2014-08-03','New Rossview','Belgium','1980-07-25 11:09:21','1971-01-13 10:39:51'),(26,'M','2020-09-23','Robertstown','Saint Vincent and the Grenadines','1995-11-06 11:29:20','2015-03-14 22:24:27'),(27,'F','2018-02-25','North Wilfredotown','Sierra Leone','1980-01-14 05:11:30','2013-06-18 23:45:57'),(28,'M','1977-02-07','New Sunny','Luxembourg','2015-08-21 19:04:22','2015-07-14 12:56:20'),(29,'M','2015-05-02','East Cletatown','Dominican Republic','2006-06-06 00:59:24','2017-10-08 17:48:00'),(30,'M','1977-06-29','North Cydney','Belize','2013-07-16 22:33:20','2016-03-31 10:58:14'),(31,'M','2016-04-02','South Ianberg','Syrian Arab Republic','1977-05-24 18:43:32','2021-02-18 18:47:49'),(32,'M','2020-03-17','Flatleymouth','Saint Kitts and Nevis','1984-05-16 17:25:03','2021-02-18 18:47:49'),(33,'M','1990-10-16','East Helmerberg','Maldives','2017-11-02 07:19:49','1997-06-28 23:00:09'),(34,'M','1975-05-04','Marleestad','Ethiopia','2010-02-24 22:24:12','2020-01-03 11:56:50'),(35,'M','1975-10-18','Lake Jace','Saint Lucia','2018-07-06 05:31:01','2021-02-18 18:47:49'),(36,'M','1997-04-23','Gottliebmouth','Egypt','1992-07-19 22:32:49','2021-02-18 18:47:49'),(37,'F','2000-04-10','North Albertmouth','Burundi','2015-08-08 01:53:52','1990-05-07 11:51:59'),(38,'M','1976-11-15','Imamouth','Guernsey','2020-03-05 14:18:45','1998-12-11 05:17:19'),(39,'M','1986-10-30','West Jamalside','Vanuatu','1980-05-16 12:44:08','2021-02-18 18:47:49'),(40,'M','1985-05-28','Geovannyburgh','Romania','1986-02-07 10:09:11','1993-07-30 00:46:02'),(41,'F','1997-05-13','Efrainstad','Cuba','2018-01-12 07:38:35','2009-03-11 20:58:09'),(42,'M','1971-06-10','Hicklefort','Cambodia','2002-11-17 04:46:22','1994-09-20 10:04:48'),(43,'M','1989-05-21','Michealport','Equatorial Guinea','1986-01-25 22:48:04','2021-02-18 18:47:49'),(44,'M','2002-12-01','Port Lon','Sweden','2003-09-16 16:14:39','2010-02-10 07:27:58'),(45,'M','2011-06-28','Rennerhaven','New Zealand','2014-02-24 10:42:39','2021-02-18 18:47:49'),(46,'M','2005-11-05','Blakeview','Falkland Islands (Malvinas)','2009-01-26 16:25:19','2000-04-03 07:36:25'),(47,'F','2016-03-09','New Asia','Yemen','1971-09-04 22:19:08','2008-10-26 15:00:06'),(48,'F','1975-02-25','Myraberg','Argentina','2019-03-04 06:38:16','1970-07-03 06:06:13'),(49,'M','2013-07-06','Simonisborough','Guyana','1991-12-16 12:47:31','2013-09-17 03:13:00'),(50,'M','2018-03-17','East Sibylfurt','Pakistan','2002-01-04 15:33:01','1982-08-01 09:41:43'),(51,'M','2000-06-21','Bauchside','Comoros','1986-01-09 18:38:38','2021-02-18 18:47:49'),(52,'F','1980-03-20','East Gregoriafort','Eritrea','1988-06-13 23:39:38','1995-12-03 01:28:27'),(53,'M','1986-09-25','Adolfbury','Mayotte','1973-07-07 19:16:40','2021-02-18 18:47:49'),(54,'F','1987-10-27','Shyannchester','Heard Island and McDonald Islands','1992-05-28 07:50:45','1986-07-13 04:21:16'),(55,'F','1990-09-13','Hermanshire','Lithuania','1997-06-17 00:29:33','2011-12-08 10:39:05'),(56,'M','1982-03-11','Delphineberg','Djibouti','1980-02-02 17:33:54','2021-02-18 18:47:49'),(57,'M','1973-08-12','Hermistonbury','Myanmar','2012-09-23 15:20:38','2021-02-18 18:47:49'),(58,'M','1977-12-24','Sipestown','Malta','1999-09-25 13:22:17','2021-02-18 18:47:49'),(59,'M','1971-06-28','South Kallie','Nicaragua','1998-10-31 09:02:04','2021-02-18 18:47:49'),(60,'M','2014-06-25','Considineland','South Africa','2007-07-23 01:24:36','2021-02-18 18:47:49'),(61,'F','2015-03-01','Brigittechester','Lithuania','1992-12-09 01:21:12','2002-01-11 11:14:31'),(62,'F','1987-11-11','Port Mariam','New Caledonia','1991-12-21 19:23:17','1986-05-07 21:09:22'),(63,'M','2015-01-31','East Eleazar','Ethiopia','1996-02-12 18:25:04','1997-10-06 21:42:56'),(64,'M','1974-10-30','Joseberg','Somalia','1984-07-13 13:52:00','1980-03-03 18:44:29'),(65,'M','1989-03-06','Medhurstborough','Pitcairn Islands','1993-12-11 08:55:58','1973-01-13 11:20:57'),(66,'M','2018-11-11','South Fanniestad','Indonesia','2001-02-14 23:21:36','2021-02-18 18:47:49'),(67,'M','1985-10-11','Westburgh','Mayotte','1985-07-12 15:32:34','2008-01-21 12:44:19'),(68,'M','1984-03-25','Angelitaside','Iceland','1999-02-18 05:27:37','2021-02-18 18:47:49'),(69,'F','2012-04-08','South Ruby','Kenya','2001-02-04 20:36:07','2014-03-30 08:49:39'),(70,'M','1978-02-13','Lilianaberg','South Africa','1985-07-25 21:18:20','2020-12-09 20:40:43'),(71,'F','1992-04-27','Kuphalchester','Australia','2009-03-18 10:52:05','1984-03-27 11:10:26'),(72,'M','2010-06-28','North Eugenebury','China','1980-08-25 14:06:15','2021-02-18 18:47:49'),(73,'M','1982-01-10','East Margareteside','Greenland','1974-11-10 04:50:25','2021-02-18 18:47:49'),(74,'F','1999-06-13','East Jonathonside','Bolivia','1992-04-07 20:18:46','1971-10-10 06:37:51'),(75,'M','1982-02-13','East Dallasshire','Egypt','1997-12-29 03:06:59','2021-02-18 18:47:49'),(76,'F','1994-04-25','Lucileview','Vanuatu','2007-09-06 07:56:03','2019-01-02 23:02:31'),(77,'F','1979-02-06','North Heath','Cocos (Keeling) Islands','2006-07-16 16:07:00','1984-07-29 15:13:46'),(78,'F','1981-02-15','North Rachel','Lithuania','1987-02-07 23:40:25','1993-03-18 09:34:16'),(79,'M','1997-09-09','Padbergborough','Ecuador','2000-01-17 20:43:07','2021-02-18 18:47:49'),(80,'M','2007-05-02','East Felicitachester','Burundi','1998-08-08 09:23:14','2005-05-22 04:55:04'),(81,'M','2009-01-10','Port Demarco','Chile','2012-11-21 05:05:40','2010-08-21 17:39:38'),(82,'M','1991-01-08','Kochville','United Kingdom','1984-07-21 16:02:21','2021-02-18 18:47:49'),(83,'M','1991-03-14','Port Gertrude','Guernsey','1994-08-24 01:29:03','2007-05-18 08:25:52'),(84,'F','1986-05-20','Elissashire','Jordan','2016-10-26 04:16:06','1982-12-23 12:52:54'),(85,'M','1999-02-28','Flatleybury','Switzerland','2005-09-21 15:06:11','1994-03-12 08:02:31'),(86,'F','2018-12-07','Port Jacquelyn','Congo','1999-03-03 05:42:31','1991-09-29 20:53:49'),(87,'F','1988-02-10','Windlermouth','China','1984-04-11 23:38:28','1983-08-23 14:35:24'),(88,'M','1995-07-21','North Westley','Taiwan','1981-08-11 16:51:59','2021-02-18 18:47:49'),(89,'M','1993-05-06','West Kylamouth','Malaysia','1973-05-04 10:45:50','2021-02-18 18:47:49'),(90,'M','1989-09-17','Welchside','Trinidad and Tobago','1974-03-11 05:05:04','2003-03-11 22:49:57'),(91,'M','1997-12-08','East Jules','Australia','1986-12-08 07:42:46','2021-02-18 18:47:49'),(92,'F','2011-05-20','Dalefort','Kenya','1973-12-23 19:28:42','2000-11-10 21:06:00'),(93,'M','2019-10-17','Lake Devynfort','Sudan','2006-04-30 02:06:54','2021-02-18 18:47:49'),(94,'F','1998-07-18','McGlynntown','Gambia','2013-03-17 23:21:09','1975-02-03 21:52:10'),(95,'M','1970-02-19','Port Demarcus','Belarus','2008-09-13 19:13:51','1996-03-20 14:43:01'),(96,'F','1994-03-30','Wunschmouth','Fiji','2011-06-22 16:35:14','1985-07-24 19:55:37'),(97,'M','1989-03-19','Reichertfort','Georgia','1995-10-12 04:55:34','2021-02-18 18:47:49'),(98,'M','1985-05-14','Ernserton','Nepal','2009-11-08 08:23:19','2021-02-18 18:47:49'),(99,'F','1974-12-05','Lake Gabrielfurt','Mayotte','2012-12-03 09:16:15','1991-01-03 12:35:32'),(100,'M','1975-09-13','North Agnesborough','French Polynesia','2013-11-10 09:46:46','2021-02-18 18:47:49');
/*!40000 ALTER TABLE `profiles` ENABLE KEYS */;
UNLOCK TABLES;

--
-- Table structure for table `users`
--

DROP TABLE IF EXISTS `users`;
/*!40101 SET @saved_cs_client     = @@character_set_client */;
/*!50503 SET character_set_client = utf8mb4 */;
CREATE TABLE `users` (
  `id` int unsigned NOT NULL AUTO_INCREMENT COMMENT 'Идентификатор строки',
  `first_name` varchar(100) CHARACTER SET utf8mb4 COLLATE utf8mb4_unicode_ci NOT NULL COMMENT 'Имя пользователя',
  `last_name` varchar(100) CHARACTER SET utf8mb4 COLLATE utf8mb4_unicode_ci NOT NULL COMMENT 'Фамилия пользователя',
  `email` varchar(100) CHARACTER SET utf8mb4 COLLATE utf8mb4_unicode_ci NOT NULL COMMENT 'Почта',
  `phone` varchar(100) CHARACTER SET utf8mb4 COLLATE utf8mb4_unicode_ci NOT NULL COMMENT 'Телефон',
  `created_at` datetime DEFAULT CURRENT_TIMESTAMP COMMENT 'Время создания строки',
  `updated_at` datetime DEFAULT CURRENT_TIMESTAMP ON UPDATE CURRENT_TIMESTAMP COMMENT 'Время обновления строки',
  PRIMARY KEY (`id`),
  UNIQUE KEY `email` (`email`),
  UNIQUE KEY `phone` (`phone`)
) ENGINE=InnoDB AUTO_INCREMENT=101 DEFAULT CHARSET=utf8mb4 COLLATE=utf8mb4_unicode_ci COMMENT='Пользователи';
/*!40101 SET character_set_client = @saved_cs_client */;

--
-- Dumping data for table `users`
--

LOCK TABLES `users` WRITE;
/*!40000 ALTER TABLE `users` DISABLE KEYS */;
INSERT INTO `users` VALUES (1,'Carmela','Wuckert','brad.hauck@example.com','410.312.9921x32741','2004-10-18 18:46:26','2021-02-18 18:49:56'),(2,'Coralie','Bayer','hermina43@example.com','974.029.1009x7623','1972-10-01 04:07:40','1996-02-18 05:52:42'),(3,'Loraine','Huel','therese36@example.net','985-016-5116x38561','2003-01-17 05:31:57','2021-02-18 18:49:56'),(4,'Eleonore','Zboncak','owelch@example.net','275-532-2826','1987-04-01 03:48:51','2014-07-02 14:22:10'),(5,'Reuben','Kiehn','douglas.peggie@example.com','109-748-3009','2021-01-23 20:34:37','2021-02-18 18:49:56'),(6,'Conrad','Pouros','halie16@example.com','(529)783-6603x30104','2001-02-12 19:32:35','2013-12-22 09:37:49'),(7,'Alicia','Jerde','ines.gibson@example.net','+99(9)9121754683','2002-08-09 15:39:42','2021-02-18 18:49:56'),(8,'Lucinda','Franecki','norene73@example.com','(005)944-8607x53685','1995-03-06 23:59:20','2021-02-18 18:49:56'),(9,'Sunny','Marks','merlin.deckow@example.org','183-760-6070x69986','2021-01-07 20:25:00','2021-02-18 18:49:56'),(10,'Rachael','Keeling','zula.kuhic@example.com','00197505091','1995-07-18 22:06:20','2021-02-18 18:49:56'),(11,'Roman','Wisoky','kraig.mcclure@example.org','703.531.4442x236','1979-12-01 22:08:50','2021-02-18 18:49:56'),(12,'Marion','Bernhard','jordon06@example.com','(147)103-3460','1993-02-28 12:01:41','2021-02-18 18:49:56'),(13,'Chelsea','Renner','mraz.dell@example.net','1-769-412-9778','1989-08-05 13:17:29','2004-09-07 21:02:57'),(14,'Arnaldo','Krajcik','zgutkowski@example.org','924.502.0423','1972-01-15 07:17:12','1995-07-31 15:09:21'),(15,'Kurtis','Hermann','pollich.isabel@example.net','(745)478-5087','1972-07-28 06:10:17','2002-10-28 20:16:53'),(16,'Elmo','Harvey','lauriane.mclaughlin@example.net','439.804.8131','1984-07-26 01:29:28','2013-03-24 00:12:07'),(17,'Carmel','King','rosalia.rau@example.org','713-944-7082','1987-10-31 23:31:40','2021-02-18 18:49:56'),(18,'Rick','Blanda','kuhn.stephen@example.com','612.440.8392x3230','1986-07-14 16:53:26','2021-02-18 18:49:56'),(19,'Julio','Marks','crist.annamarie@example.com','477-966-7637','2007-05-16 17:39:02','2015-05-17 19:45:45'),(20,'Vernice','Harber','idoyle@example.net','707-560-9819x0751','2007-08-28 08:48:37','2021-02-18 18:49:56'),(21,'Payton','Kilback','aliya88@example.net','384-113-1003x12396','1987-08-30 12:37:03','2008-11-05 23:16:42'),(22,'Lazaro','Hartmann','runolfsdottir.elinor@example.com','1-191-632-3450','1982-02-24 22:39:17','1998-05-19 19:43:49'),(23,'Noble','Dickens','pfeest@example.net','905-063-5148','1993-01-05 09:04:10','2021-02-18 18:49:56'),(24,'Celestine','Heathcote','huel.daphney@example.com','1-425-644-3936x7098','1984-04-15 10:16:34','2012-10-23 22:46:13'),(25,'Natalie','Koelpin','chodkiewicz@example.net','02527263243','1975-03-10 19:23:48','2021-02-18 18:49:56'),(26,'Samson','Ryan','durward82@example.com','341.719.5576','2011-03-27 07:47:54','2021-02-18 18:49:56'),(27,'Lynn','Botsford','arno.cummings@example.net','1-641-251-6805','1997-07-05 04:30:04','2021-02-06 11:46:34'),(28,'Waldo','Kassulke','duncan00@example.net','012.836.4114x33818','2012-04-24 18:39:32','2016-07-29 00:45:55'),(29,'Renee','Nienow','lindgren.elda@example.net','064-914-4158x9785','2007-12-24 14:05:25','2021-02-18 18:49:56'),(30,'Marcelino','Hyatt','stiedemann.casimir@example.com','517-142-4532x7078','1987-11-18 00:38:46','2021-02-18 18:49:56'),(31,'Sterling','Bashirian','huels.darryl@example.net','1-220-124-3087','1987-04-02 10:46:17','2005-08-11 17:20:20'),(32,'Erica','Rowe','justen06@example.net','574-508-7202','1990-08-01 04:47:37','2021-02-18 18:49:56'),(33,'Osborne','Kuvalis','gisselle.waters@example.org','886-126-6296x44611','1984-11-19 17:32:21','1999-08-10 13:54:49'),(34,'Skye','Champlin','helga87@example.net','1-224-312-1290','1981-07-06 12:16:32','2007-02-27 22:53:06'),(35,'Treva','Kuvalis','lrussel@example.net','(635)626-6832x4251','1985-01-23 05:48:23','1993-07-22 12:59:04'),(36,'Celia','Hahn','stoltenberg.quentin@example.com','1-740-526-6542x2222','2013-10-22 03:39:26','2021-02-18 18:49:56'),(37,'Drew','Lueilwitz','ostiedemann@example.com','1-222-706-8158x19738','2020-12-04 00:59:26','2021-02-18 18:49:56'),(38,'Beth','Bayer','erik.effertz@example.com','(954)447-8694x5987','1978-11-04 22:05:24','2015-10-06 14:30:53'),(39,'Berta','Nolan','ryan16@example.com','483-870-3885x081','1986-05-19 03:23:00','2011-06-16 21:58:22'),(40,'Anne','Abshire','elena.lynch@example.com','373-802-3208x69113','1985-03-26 03:04:26','1996-09-22 11:33:31'),(41,'Destin','Smitham','murphy.addie@example.com','092.639.3419','1986-02-08 17:00:40','2021-02-18 18:49:56'),(42,'Kyla','Adams','monte60@example.net','1-062-861-5989x30607','2012-10-31 13:06:32','2021-02-18 18:49:56'),(43,'Kobe','Wehner','raufderhar@example.com','(364)599-5495','1978-12-19 16:26:02','2021-02-18 18:49:56'),(44,'Bartholome','Grant','bhammes@example.net','250.303.6667x81077','2005-03-22 16:57:14','2021-02-18 18:49:56'),(45,'Linwood','Conroy','lucienne.donnelly@example.net','(567)828-0320','2017-02-14 23:12:49','2021-02-18 18:49:56'),(46,'Kaylah','Grimes','ctoy@example.com','343.254.5531','1971-12-08 12:31:25','2019-03-25 11:10:21'),(47,'Howard','Bednar','ceasar.miller@example.org','482-991-7065','2004-01-21 05:14:33','2021-02-18 18:49:56'),(48,'Fannie','Bosco','quinton.kunze@example.net','468-130-7654x933','1979-04-13 00:14:50','2021-02-18 18:49:56'),(49,'Dan','Christiansen','wfarrell@example.com','809-899-2522','1975-11-21 10:19:11','2001-07-14 16:02:59'),(50,'Kaelyn','Beier','antone31@example.net','07238718935','1973-09-13 21:45:05','1990-03-30 14:13:43'),(51,'Maci','Zulauf','westley.littel@example.org','+47(4)2898880039','1990-09-10 17:49:24','2021-02-18 18:49:56'),(52,'Angelita','Rau','gerlach.joey@example.com','853-386-9243x222','2016-08-21 00:29:32','2021-02-18 18:49:56'),(53,'Zena','Weissnat','ileuschke@example.net','797-612-9886x253','2017-06-27 00:53:54','2020-09-15 04:32:00'),(54,'Jaren','Feest','randal.rutherford@example.org','503.325.8611','1970-08-13 11:42:02','1976-03-04 20:40:53'),(55,'Bernice','Bergstrom','marks.rollin@example.net','1-762-233-5707','1991-09-13 15:36:39','1997-08-25 16:00:15'),(56,'Brenda','Schmidt','blake02@example.org','535-920-5507x0057','1997-10-21 11:12:58','2008-03-17 02:51:26'),(57,'Jasmin','Cartwright','sallie.rau@example.net','373-056-9947x038','1995-04-23 22:10:04','2021-02-18 18:49:56'),(58,'Fidel','O\'Reilly','deshawn41@example.net','644.880.5718','1997-11-10 06:49:29','2006-02-12 12:55:54'),(59,'Rose','Bechtelar','sadye34@example.com','08683962814','2015-10-27 17:42:00','2021-02-18 18:49:56'),(60,'Jace','Boyle','joesph24@example.net','(313)175-3788x0455','1987-11-02 15:24:33','2015-02-08 21:08:36'),(61,'Jewell','Swaniawski','florian03@example.com','610.324.5193','2015-01-19 19:22:56','2021-02-18 18:49:56'),(62,'Michel','Powlowski','cwolf@example.com','009.091.5495','2006-02-25 06:44:18','2021-02-18 18:49:56'),(63,'Delfina','Von','ernser.jorge@example.net','1-897-359-5317','2017-05-16 09:57:12','2021-02-18 18:49:56'),(64,'Joanny','Mayert','bruce.bruen@example.net','360.970.7383x5414','2007-12-27 07:43:50','2021-02-18 18:49:56'),(65,'Gabrielle','Gleason','qrohan@example.org','296.818.7023','1991-04-19 15:24:32','2021-02-18 18:49:56'),(66,'Guy','Bradtke','mccullough.lafayette@example.com','877-870-9792','1977-12-30 06:42:33','2003-09-01 11:15:52'),(67,'Jennings','Ebert','demario.ziemann@example.com','03840558354','1995-11-12 19:43:08','2002-11-19 06:54:34'),(68,'Marion','Gottlieb','muller.hilton@example.org','841.265.3606x3872','2004-02-20 18:46:15','2021-02-18 18:49:56'),(69,'Melyna','Koch','emilia51@example.org','072.628.1145','1985-03-22 18:48:41','2021-02-18 18:49:56'),(70,'Trevion','O\'Connell','kaitlin.parisian@example.org','1-443-284-4195x17974','1991-03-23 11:42:25','2021-02-18 18:49:56'),(71,'Elizabeth','Torp','d\'amore.layne@example.com','+24(5)8404700877','1976-05-20 21:38:08','2013-08-13 15:49:20'),(72,'Jody','Friesen','dahlia.gislason@example.net','(462)072-3138','2001-11-28 12:33:57','2005-02-18 17:18:53'),(73,'Logan','Lehner','rhea.moore@example.com','03161317566','2017-10-26 04:54:13','2021-02-18 18:49:56'),(74,'Earlene','Kuphal','maida.nolan@example.org','1-783-046-5851x06256','1995-07-10 13:38:32','2021-02-18 18:49:56'),(75,'Barney','Brown','kris.alanis@example.org','+37(7)7098771210','2004-12-09 14:17:25','2021-02-18 18:49:56'),(76,'Juana','Dietrich','jayce39@example.org','818-547-1067','2017-04-05 16:28:22','2021-02-18 18:49:56'),(77,'Jarret','Heidenreich','doyle.marco@example.com','562-817-8691x27248','2007-08-08 15:06:23','2021-02-18 18:49:56'),(78,'Letitia','Dach','wmcglynn@example.org','1-905-509-9014x64234','1999-05-31 06:45:32','2021-02-18 18:49:56'),(79,'Richard','Thiel','cloyd27@example.net','+96(9)3091522293','1989-08-28 02:57:06','2021-02-18 18:49:56'),(80,'Elaina','Kris','scarlett77@example.net','1-774-427-4029x25988','1995-07-06 01:10:55','2021-02-18 18:49:56'),(81,'Janiya','Erdman','kadin07@example.com','+15(7)6879616668','1979-01-07 09:26:00','2003-06-25 15:12:42'),(82,'Reva','Reynolds','eldridge.moore@example.com','499.277.5529x79192','1984-01-26 03:26:22','2011-04-14 22:31:40'),(83,'Margarete','Maggio','elmer28@example.org','234.055.9927','1977-03-06 20:53:06','1983-08-26 01:56:11'),(84,'Terrell','Schiller','demetris.jakubowski@example.org','1-432-906-7243','2009-10-28 22:43:10','2021-02-18 18:49:56'),(85,'Sabryna','Balistreri','stanton.christelle@example.org','443.672.9333','2003-01-17 17:15:09','2021-02-18 18:49:56'),(86,'Andreane','Thompson','rosanna18@example.org','+24(7)8774913503','1999-04-24 20:12:17','2021-02-18 18:49:56'),(87,'Dorothy','Hahn','lia67@example.net','366-115-9721x432','1977-09-22 15:05:10','2007-09-07 21:06:42'),(88,'Berneice','Raynor','nkohler@example.com','247.982.8698x06071','1975-05-23 15:05:17','1992-09-10 19:50:48'),(89,'Gaetano','Carter','nona.buckridge@example.net','460-522-7146x687','2002-02-13 16:33:59','2021-02-18 18:49:56'),(90,'Jerrold','Harvey','karianne54@example.net','368.638.4662','1991-04-22 08:44:45','1993-01-29 00:06:47'),(91,'Sharon','Morissette','sanford.imelda@example.org','241-074-8645x4446','1978-08-08 05:45:23','1984-03-21 13:03:23'),(92,'Scarlett','Harvey','alessandra64@example.net','+64(2)7771652056','2015-02-03 21:56:19','2021-02-18 18:49:56'),(93,'Selmer','Oberbrunner','luis67@example.net','1-903-357-2096x3101','1998-03-04 00:57:17','2021-02-18 18:49:56'),(94,'Theresa','Lebsack','obie48@example.org','598.400.0798','1973-11-02 03:54:46','1986-04-05 23:08:01'),(95,'Helga','Daniel','aubrey98@example.net','066.117.4449x27901','1982-01-27 15:37:54','2016-08-28 13:37:20'),(96,'Katlynn','Rice','xcormier@example.org','857-637-6609x883','2017-11-30 22:01:40','2021-02-18 18:49:56'),(97,'Eliane','Kertzmann','nthiel@example.org','+03(3)8584759354','2014-01-08 01:00:13','2021-02-18 18:49:56'),(98,'Dorcas','Koss','ferry.jarvis@example.com','859.914.6570x8118','1980-02-01 00:49:13','1997-09-15 11:47:22'),(99,'Rosetta','Balistreri','deron24@example.net','097.274.7971','2017-01-11 13:48:53','2021-02-18 18:49:56'),(100,'Janie','Satterfield','marge31@example.net','670.645.8471x32694','2010-11-22 12:41:07','2021-02-18 18:49:56');
/*!40000 ALTER TABLE `users` ENABLE KEYS */;
UNLOCK TABLES;
/*!40103 SET TIME_ZONE=@OLD_TIME_ZONE */;

/*!40101 SET SQL_MODE=@OLD_SQL_MODE */;
/*!40014 SET FOREIGN_KEY_CHECKS=@OLD_FOREIGN_KEY_CHECKS */;
/*!40014 SET UNIQUE_CHECKS=@OLD_UNIQUE_CHECKS */;
/*!40101 SET CHARACTER_SET_CLIENT=@OLD_CHARACTER_SET_CLIENT */;
/*!40101 SET CHARACTER_SET_RESULTS=@OLD_CHARACTER_SET_RESULTS */;
/*!40101 SET COLLATION_CONNECTION=@OLD_COLLATION_CONNECTION */;
/*!40111 SET SQL_NOTES=@OLD_SQL_NOTES */;

-- Dump completed on 2021-02-19  7:32:41
